-- phpMyAdmin SQL Dump
-- version 5.2.1
-- https://www.phpmyadmin.net/
--
-- Servidor: 127.0.0.1
-- Tiempo de generación: 28-10-2023 a las 00:43:25
-- Versión del servidor: 10.4.28-MariaDB
-- Versión de PHP: 8.2.4

SET SQL_MODE = "NO_AUTO_VALUE_ON_ZERO";
START TRANSACTION;
SET time_zone = "+00:00";


/*!40101 SET @OLD_CHARACTER_SET_CLIENT=@@CHARACTER_SET_CLIENT */;
/*!40101 SET @OLD_CHARACTER_SET_RESULTS=@@CHARACTER_SET_RESULTS */;
/*!40101 SET @OLD_COLLATION_CONNECTION=@@COLLATION_CONNECTION */;
/*!40101 SET NAMES utf8mb4 */;

--
-- Base de datos: `vacunacion-g9`
--
CREATE DATABASE IF NOT EXISTS `vacunacion-g9` DEFAULT CHARACTER SET utf8mb4 COLLATE utf8mb4_general_ci;
USE `vacunacion-g9`;

-- --------------------------------------------------------

--
-- Estructura de tabla para la tabla `centro`
--

CREATE TABLE `centro` (
  `id_centro` int(11) NOT NULL,
  `nombre` varchar(100) NOT NULL,
  `direccion` varchar(100) NOT NULL,
  `telefono` int(11) NOT NULL,
  `zona` varchar(50) NOT NULL,
  `activo` tinyint(1) DEFAULT NULL
) ENGINE=InnoDB DEFAULT CHARSET=utf8mb4 COLLATE=utf8mb4_general_ci;

--
-- Volcado de datos para la tabla `centro`
--

INSERT INTO `centro` (`id_centro`, `nombre`, `direccion`, `telefono`, `zona`, `activo`) VALUES
(19, 'Hospital San Juan', 'Calle Principal 123', 1234567890, 'Norte', 1),
(20, 'Hospital Santa María', 'Avenida Central 456', 2147483647, 'Norte', 1),
(21, 'Hospital Santo Tomás', 'Calle Norte 789', 2147483647, 'Sur', 1),
(22, 'Hospital San Pedro', 'Avenida Sur 123', 2147483647, 'Sur', 0),
(23, 'Hospital Santa Clara', 'Calle Sur 456a', 2147483647, 'Sur', 1),
(24, 'Hospital Santo Domingo', 'Avenida Este 123', 2147483647, 'Este', 1),
(25, 'Hospital San Antonio', 'Calle Este 456', 2147483647, 'Este', 1),
(26, 'Hospital San Francisco', 'Avenida Oeste 123', 123456789, 'Oeste', 1),
(27, 'Hospital Santa Rosa', 'Calle Oeste 456', 1112223333, 'Oeste', 1),
(28, 'Hospital San Martín', 'Avenida Principal 789', 2147483647, 'Norte', 0),
(29, 'Hospital Santa Isabel', 'Calle Principal 567', 2147483647, 'Este', 0),
(30, 'Hospital Santo Domingo', 'Avenida Central 789', 2147483647, 'Oeste', 1),
(31, 'Centro de distribucion', '742 Evergreen Terrace Springfield', 45555555, 'Deposito Central', 0);

-- --------------------------------------------------------

--
-- Estructura de tabla para la tabla `citavacunacion`
--

CREATE TABLE `citavacunacion` (
  `codCita` int(11) NOT NULL,
  `dni` int(11) NOT NULL,
  `lote` int(11) NOT NULL,
  `fechaHoraCita` datetime NOT NULL DEFAULT current_timestamp() ON UPDATE current_timestamp(),
  `id_centro` int(11) NOT NULL,
  `colocada` tinyint(1) NOT NULL,
  `cancelado` tinyint(1) NOT NULL
) ENGINE=InnoDB DEFAULT CHARSET=utf8mb4 COLLATE=utf8mb4_general_ci;

--
-- Volcado de datos para la tabla `citavacunacion`
--

INSERT INTO `citavacunacion` (`codCita`, `dni`, `lote`, `fechaHoraCita`, `id_centro`, `colocada`, `cancelado`) VALUES
(844, 6890434, 1, '2023-10-27 19:31:19', 19, 1, 0),
(845, 6890434, 5, '2023-11-12 15:45:00', 19, 0, 0),
(846, 6890434, 9, '2023-12-10 11:30:00', 19, 0, 0),
(847, 10398404, 1, '2023-10-15 10:00:00', 19, 0, 0),
(848, 10398404, 5, '2023-11-12 11:45:00', 19, 0, 0),
(849, 10398404, 9, '2023-12-10 10:15:00', 19, 0, 0),
(850, 10692313, 1, '2023-10-15 11:15:00', 19, 0, 0),
(851, 10692313, 5, '2023-11-12 15:00:00', 19, 0, 0),
(852, 10692313, 9, '2023-12-10 10:00:00', 19, 0, 0),
(853, 13194180, 1, '2023-10-15 15:30:00', 19, 0, 0),
(854, 13194180, 5, '2023-11-12 14:45:00', 19, 0, 0),
(855, 13194180, 9, '2023-12-10 09:00:00', 19, 0, 0),
(856, 20767783, 1, '2023-10-15 13:15:00', 19, 0, 0),
(857, 20767783, 5, '2023-11-12 12:15:00', 19, 0, 0),
(858, 20767783, 9, '2023-12-10 10:00:00', 19, 0, 0),
(859, 6603972, 2, '2023-10-16 12:15:27', 21, 0, 0),
(860, 6603972, 6, '2023-11-13 14:30:27', 21, 0, 0),
(861, 6603972, 10, '2023-12-11 09:15:27', 21, 0, 0),
(862, 9759054, 2, '2023-10-16 13:30:27', 21, 0, 0),
(863, 9759054, 6, '2023-11-13 15:30:27', 21, 0, 0),
(864, 9759054, 10, '2023-12-11 13:30:27', 21, 0, 0),
(865, 9796186, 2, '2023-10-16 17:00:27', 21, 0, 0),
(866, 9796186, 6, '2023-11-13 17:15:27', 21, 0, 0),
(867, 9796186, 10, '2023-12-11 12:15:27', 21, 0, 0),
(868, 17122879, 2, '2023-10-16 11:15:27', 21, 0, 0),
(869, 17122879, 6, '2023-11-13 12:30:27', 21, 0, 0),
(870, 17122879, 10, '2023-12-11 15:45:27', 21, 0, 0),
(871, 20884912, 2, '2023-10-16 10:15:27', 21, 0, 0),
(872, 20884912, 6, '2023-11-13 16:30:27', 21, 0, 0),
(873, 20884912, 10, '2023-12-11 10:00:27', 21, 0, 0),
(874, 21829148, 2, '2023-10-16 09:45:27', 21, 0, 0),
(875, 21829148, 6, '2023-11-13 09:45:27', 21, 0, 0),
(876, 21829148, 10, '2023-12-11 14:30:27', 21, 0, 0),
(877, 23560618, 2, '2023-10-16 16:00:27', 21, 0, 0),
(878, 23560618, 6, '2023-11-13 14:30:27', 21, 0, 0),
(879, 23560618, 10, '2023-12-11 09:00:27', 21, 0, 0),
(880, 24941038, 2, '2023-10-16 12:00:27', 21, 0, 0),
(881, 24941038, 6, '2023-11-13 14:15:27', 21, 0, 0),
(882, 24941038, 10, '2023-12-11 15:00:27', 21, 0, 0),
(883, 26053826, 2, '2023-10-16 15:45:27', 21, 0, 0),
(884, 26053826, 6, '2023-11-13 16:30:27', 21, 0, 0),
(885, 26053826, 10, '2023-12-11 16:45:27', 21, 0, 0),
(886, 36965469, 2, '2023-10-16 16:45:27', 21, 0, 0),
(887, 36965469, 6, '2023-11-13 13:45:27', 21, 0, 0),
(888, 36965469, 10, '2023-12-11 12:45:27', 21, 0, 0),
(889, 6603972, 3, '2023-10-16 10:15:07', 21, 0, 0),
(890, 6603972, 7, '2023-11-13 15:00:07', 21, 0, 0),
(891, 6603972, 11, '2023-12-11 15:15:07', 21, 0, 0),
(892, 9759054, 3, '2023-10-16 10:00:07', 21, 0, 0),
(893, 9759054, 7, '2023-11-13 15:30:07', 21, 0, 0),
(894, 9759054, 11, '2023-12-11 13:30:07', 21, 0, 0),
(895, 9796186, 3, '2023-10-16 12:00:07', 21, 0, 0),
(896, 9796186, 7, '2023-11-13 08:00:07', 21, 0, 0),
(897, 9796186, 11, '2023-12-11 17:30:07', 21, 0, 0),
(898, 17122879, 3, '2023-10-16 17:30:07', 21, 0, 0),
(899, 17122879, 7, '2023-11-13 08:00:07', 21, 0, 0),
(900, 17122879, 11, '2023-12-11 13:45:07', 21, 0, 0),
(901, 20884912, 3, '2023-10-16 14:15:07', 21, 0, 0),
(902, 20884912, 7, '2023-11-13 10:30:07', 21, 0, 0),
(903, 20884912, 11, '2023-12-11 11:00:07', 21, 0, 0),
(904, 21829148, 3, '2023-10-16 12:15:07', 21, 0, 0),
(905, 21829148, 7, '2023-11-13 09:45:07', 21, 0, 0),
(906, 21829148, 11, '2023-12-11 14:15:07', 21, 0, 0),
(907, 23560618, 3, '2023-10-16 08:45:07', 21, 0, 0),
(908, 23560618, 7, '2023-11-13 14:00:07', 21, 0, 0),
(909, 23560618, 11, '2023-12-11 13:45:07', 21, 0, 0),
(910, 24941038, 3, '2023-10-16 14:15:07', 21, 0, 0),
(911, 24941038, 7, '2023-11-13 10:45:07', 21, 0, 0),
(912, 24941038, 11, '2023-12-11 13:30:07', 21, 0, 0),
(913, 26053826, 3, '2023-10-16 16:45:07', 21, 0, 0),
(914, 26053826, 7, '2023-11-13 10:00:07', 21, 0, 0),
(915, 26053826, 11, '2023-12-11 11:30:07', 21, 0, 0),
(916, 36965469, 3, '2023-10-16 14:30:07', 21, 0, 0),
(917, 36965469, 7, '2023-11-13 13:15:07', 21, 0, 0),
(918, 36965469, 11, '2023-12-11 14:15:07', 21, 0, 0),
(919, 5418727, 4, '2023-10-17 09:30:07', 21, 0, 0),
(920, 5418727, 8, '2023-11-14 11:45:07', 21, 0, 0),
(921, 5418727, 12, '2023-12-12 11:00:07', 21, 0, 0),
(922, 20520119, 4, '2023-10-17 10:45:07', 21, 0, 0),
(923, 20520119, 8, '2023-11-14 11:00:07', 21, 0, 0),
(924, 20520119, 12, '2023-12-12 17:00:07', 21, 0, 0),
(925, 20892864, 4, '2023-10-17 12:45:07', 21, 0, 0),
(926, 20892864, 8, '2023-11-14 11:30:07', 21, 0, 0),
(927, 20892864, 12, '2023-12-12 17:15:07', 21, 0, 0),
(928, 21107599, 4, '2023-10-17 16:15:07', 21, 0, 0),
(929, 21107599, 8, '2023-11-14 15:30:07', 21, 0, 0),
(930, 21107599, 12, '2023-12-12 15:00:07', 21, 0, 0),
(931, 21407804, 4, '2023-10-17 09:45:07', 21, 0, 0),
(932, 21407804, 8, '2023-11-14 08:45:07', 21, 0, 0),
(933, 21407804, 12, '2023-12-12 14:15:07', 21, 0, 0);

-- --------------------------------------------------------

--
-- Estructura de tabla para la tabla `ciudadano`
--

CREATE TABLE `ciudadano` (
  `dni` int(11) NOT NULL,
  `apellido` varchar(50) NOT NULL,
  `nombre` varchar(50) NOT NULL,
  `email` varchar(100) NOT NULL,
  `celular` int(11) NOT NULL,
  `zona` varchar(20) NOT NULL,
  `patologia` varchar(50) DEFAULT NULL,
  `ambitoTrabajo` tinyint(1) DEFAULT NULL,
  `deRiesgo` tinyint(1) DEFAULT NULL,
  `FechaInscripcion` date NOT NULL DEFAULT '2023-10-07'
) ENGINE=InnoDB DEFAULT CHARSET=utf8mb4 COLLATE=utf8mb4_general_ci;

--
-- Volcado de datos para la tabla `ciudadano`
--

INSERT INTO `ciudadano` (`dni`, `apellido`, `nombre`, `email`, `celular`, `zona`, `patologia`, `ambitoTrabajo`, `deRiesgo`, `FechaInscripcion`) VALUES
(5070989, 'Fernandez', 'Julia', 'anelps@example.com', 2147483647, 'Norte', NULL, 0, 1, '2023-10-05'),
(5252856, 'Fernandez', 'Julia', 'aancketillft@comsenz.com', 2147483647, 'Oeste', 'Obesidad', 0, 0, '2023-10-05'),
(5330578, 'Martinez', 'Andrea', 'arobesonqm@quantcast.com', 2147483647, 'Oeste', NULL, 1, 1, '2023-10-01'),
(5407543, 'Gutierrez', 'Jose', 'npenneyh1@jimdo.com', 2147483647, 'Sur', NULL, 1, 0, '2023-10-01'),
(5413254, 'Rodriguez', 'Martin', 'bgavininv@vimeo.com', 1456862751, 'Norte', NULL, 0, 0, '2023-10-06'),
(5418727, 'Lopez', 'Julia', 'gmincioo@wikispaces.com', 2147483647, 'Sur', 'Asma', 1, 1, '2023-10-03'),
(5515952, 'Gonzalez', 'Martin', 'kcoomerrc@irs.gov', 2147483647, 'Este', 'Obesidad', 1, 0, '2023-10-05'),
(5535388, 'Rodriguez', 'Martin', 'jtissimanb0@senate.gov', 2147483647, 'Este', NULL, 0, 0, '2023-10-06'),
(5540644, 'Fernandez', 'Fernando', 'pvasilyonok8l@i2i.jp', 2147483647, 'Este', NULL, 1, 0, '2023-10-01'),
(5548901, 'Chazarreta', 'Eliana', 'nbussyg5@scribd.com', 2147483647, 'Sur', NULL, 1, 1, '2023-10-04'),
(5729290, 'Lopez', 'Jose', 'ehurlestoneji@a8.net', 2147483647, 'Este', NULL, 1, 0, '2023-10-05'),
(5918470, 'Perez', 'Eliana', 'nyeates23@cdc.gov', 2147483647, 'Sur', NULL, 1, 1, '2023-10-01'),
(5978396, 'Chazarreta', 'Yanina', 'hgerkensq5@jiathis.com', 2147483647, 'Este', 'Diabetes', 1, 1, '2023-10-04'),
(5993798, 'Martinez', 'Andrea', 'gcastlakejs@earthlink.net', 2147483647, 'Norte', NULL, 0, 0, '2023-10-05'),
(6022228, 'Perez', 'Carlos', 'mmenilovecv@tripadvisor.com', 2147483647, 'Norte', 'Diabetes', 0, 0, '2023-10-01'),
(6047190, 'Gonzalez', 'Carlos', 'daskewaz@utexas.edu', 2147483647, 'Sur', 'Diabetes', 0, 0, '2023-10-01'),
(6072079, 'Gomez', 'Julia', 'adrinkaleam@fda.gov', 2147483647, 'Este', NULL, 0, 0, '2023-10-06'),
(6092568, 'Fernandez', 'Eliana', 'aportammx@hexun.com', 2147483647, 'Norte', NULL, 1, 0, '2023-10-05'),
(6120640, 'Perez', 'Julia', 'msplevingsh4@hugedomains.com', 2147483647, 'Sur', 'Obesidad', 0, 0, '2023-10-03'),
(6133091, 'Lopez', 'Fernando', 'tblakeden8h@illinois.edu', 2147483647, 'Este', NULL, 0, 0, '2023-10-06'),
(6202059, 'Ramirez', 'Claudio', 'mstarth8@ycombinator.com', 1902930701, 'Oeste', NULL, 0, 0, '2023-10-05'),
(6298364, 'Ramirez', 'Carlos', 'kwilmanh6@accuweather.com', 2147483647, 'Sur', NULL, 0, 0, '2023-10-05'),
(6310243, 'Fernandez', 'Carlos', 'cladelao@g.co', 2147483647, 'Oeste', 'Diabetes', 1, 0, '2023-10-03'),
(6366526, 'Perez', 'Jose', 'chayterdn@linkedin.com', 2147483647, 'Oeste', 'Hipertencion', 1, 0, '2023-10-05'),
(6413401, 'Gomez', 'Eliana', 'ccheakl1@prnewswire.com', 2147483647, 'Sur', NULL, 0, 1, '2023-10-02'),
(6442385, 'Lopez', 'Claudio', 'sdudek32@pinterest.com', 2147483647, 'Oeste', NULL, 0, 0, '2023-10-06'),
(6538021, 'Gonzalez', 'Claudio', 'tballamal@unc.edu', 2147483647, 'Norte', NULL, 1, 0, '2023-10-05'),
(6603972, 'Rodriguez', 'Jose', 'uvilesbp@si.edu', 2147483647, 'Sur', NULL, 1, 1, '2023-10-02'),
(6757640, 'Ramirez', 'Roxana', 'vdavidow6m@patch.com', 2147483647, 'Este', 'Obesidad', 0, 0, '2023-10-03'),
(6786546, 'Martinez', 'Jose', 'mwain9h@virginia.edu', 1043979714, 'Norte', NULL, 0, 1, '2023-10-01'),
(6890434, 'Chazarreta', 'Yanina', 'vknappenj6@drupal.org', 2147483647, 'Norte', NULL, 1, 1, '2023-10-01'),
(6907171, 'Perez', 'Eliana', 'tfeldbau6n@seattletimes.com', 2147483647, 'Sur', NULL, 1, 1, '2023-10-06'),
(6964244, 'Rodriguez', 'Yanina', 'bbeathemfk@surveymonkey.com', 2147483647, 'Norte', NULL, 1, 1, '2023-10-03'),
(7047246, 'Fernandez', 'Andrea', 'fchatelhr@google.ca', 2147483647, 'Norte', NULL, 1, 1, '2023-10-03'),
(7074708, 'Gomez', 'Roxana', 'sstewardhy@bing.com', 2147483647, 'Norte', NULL, 0, 0, '2023-10-05'),
(7140442, 'Martinez', 'Fernando', 'rtopperl0@icq.com', 2147483647, 'Este', 'Diabetes', 0, 1, '2023-10-06'),
(7144882, 'Rodriguez', 'Andrea', 'agawkroge15@businessweek.com', 2147483647, 'Sur', NULL, 0, 1, '2023-10-06'),
(7169472, 'Gutierrez', 'Carlos', 'bistonio@stanford.edu', 2147483647, 'Oeste', 'Obesidad', 0, 1, '2023-10-06'),
(7225947, 'Rodriguez', 'Carlos', 'jharborowri@netlog.com', 2147483647, 'Sur', 'Hipertencion', 1, 0, '2023-10-06'),
(7233906, 'Gonzalez', 'Jose', 'dwilcocklq@mozilla.org', 2147483647, 'Este', NULL, 0, 1, '2023-10-04'),
(7239864, 'Martinez', 'Andrea', 'rskeffingtonpf@homestead.com', 2147483647, 'Este', 'Diabetes', 0, 0, '2023-10-01'),
(7297155, 'Perez', 'Fernando', 'ggodleer7@wufoo.com', 2147483647, 'Sur', NULL, 0, 0, '2023-10-06'),
(7344418, 'Gonzalez', 'Roxana', 'mmannering2p@google.com.au', 2147483647, 'Norte', 'Asma', 0, 0, '2023-10-04'),
(7412593, 'Martinez', 'Andrea', 'dashbridgejx@umn.edu', 2147483647, 'Este', 'Diabetes', 1, 1, '2023-10-05'),
(7430530, 'Chazarreta', 'Jose', 'ddooneyaf@a8.net', 2147483647, 'Sur', 'Diabetes', 1, 1, '2023-10-06'),
(7485209, 'Lopez', 'Yanina', 'ldobled6@infoseek.co.jp', 2147483647, 'Oeste', NULL, 0, 1, '2023-10-05'),
(7492116, 'Fernandez', 'Eliana', 'cappleby75@slashdot.org', 1892401668, 'Norte', NULL, 0, 1, '2023-10-05'),
(7565529, 'Rodriguez', 'Yanina', 'dmesser65@census.gov', 2147483647, 'Sur', 'Obesidad', 1, 1, '2023-10-04'),
(7579571, 'Perez', 'Eliana', 'thambers8k@cornell.edu', 2147483647, 'Sur', NULL, 1, 1, '2023-10-06'),
(7584912, 'Gonzalez', 'Jose', 'swhileyk5@pen.io', 2147483647, 'Oeste', NULL, 1, 0, '2023-10-01'),
(7593681, 'Fernandez', 'Martin', 'kpizey2c@wix.com', 2147483647, 'Oeste', 'Asma', 1, 1, '2023-10-02'),
(7667760, 'Fernandez', 'Andrea', 'aleedsiz@digg.com', 2069039568, 'Norte', 'Asma', 0, 1, '2023-10-06'),
(7752799, 'Rodriguez', 'Jose', 'trable55@zimbio.com', 2147483647, 'Este', NULL, 1, 1, '2023-10-01'),
(7807384, 'Fernandez', 'Julia', 'foverpool1@sbwire.com', 2147483647, 'Oeste', 'Obesidad', 0, 1, '2023-10-01'),
(7879914, 'Perez', 'Claudio', 'scattini7p@mlb.com', 2147483647, 'Este', 'Asma', 0, 1, '2023-10-05'),
(7935882, 'Chazarreta', 'Eliana', 'kbatistellify@foxnews.com', 2024412045, 'Oeste', 'Hipertencion', 1, 1, '2023-10-04'),
(8005785, 'Chazarreta', 'Julia', 'lbullcockm4@is.gd', 2147483647, 'Oeste', 'Obesidad', 1, 0, '2023-10-03'),
(8076522, 'Ramirez', 'Martin', 'derikssonea@dailymail.co.uk', 1814358258, 'Sur', 'Obesidad', 0, 0, '2023-10-02'),
(8087866, 'Fernandez', 'Roxana', 'khucquartnq@nydailynews.com', 2147483647, 'Este', NULL, 1, 1, '2023-10-05'),
(8113720, 'Perez', 'Julia', 'amarvelo2@auda.org.au', 2147483647, 'Oeste', NULL, 1, 0, '2023-10-03'),
(8115468, 'Gomez', 'Eliana', 'afrissellco@google.de', 2147483647, 'Norte', NULL, 0, 1, '2023-10-03'),
(8305510, 'Fernandez', 'Eliana', 'adanielczykpu@whitehouse.gov', 2147483647, 'Sur', 'Diabetes', 0, 1, '2023-10-02'),
(8329250, 'Chazarreta', 'Yanina', 'ssoutheyj8@craigslist.org', 2147483647, 'Oeste', NULL, 0, 1, '2023-10-06'),
(8352308, 'Lopez', 'Claudio', 'lgowank2@xinhuanet.com', 2147483647, 'Este', 'Obesidad', 0, 1, '2023-10-01'),
(8428326, 'Perez', 'Fernando', 'lhorrell4f@miibeian.gov.cn', 2147483647, 'Norte', NULL, 1, 0, '2023-10-03'),
(8429117, 'Ramirez', 'Andrea', 'askarrox@alexa.com', 2147483647, 'Sur', NULL, 0, 0, '2023-10-02'),
(8439108, 'Gonzalez', 'Jose', 'mcranchic@disqus.com', 2147483647, 'Sur', 'Hipertencion', 1, 1, '2023-10-06'),
(8454760, 'Martinez', 'Roxana', 'swainman6u@abc.net.au', 1645704617, 'Norte', NULL, 0, 0, '2023-10-01'),
(8501444, 'Perez', 'Yanina', 'cgounotcq@vkontakte.ru', 2147483647, 'Este', 'Asma', 0, 1, '2023-10-03'),
(8514860, 'Ramirez', 'Fernando', 'msokelljm@wikispaces.com', 2147483647, 'Este', 'Diabetes', 1, 0, '2023-10-02'),
(8536122, 'Gonzalez', 'Julia', 'wcastelijn7a@slate.com', 2147483647, 'Este', NULL, 1, 0, '2023-10-02'),
(8561377, 'Gutierrez', 'Julia', 'bcamelinbf@howstuffworks.com', 2147483647, 'Este', NULL, 1, 0, '2023-10-06'),
(8608625, 'Fernandez', 'Carlos', 'nsykoragd@google.co.uk', 1741894701, 'Sur', 'Asma', 0, 0, '2023-10-06'),
(8617267, 'Lopez', 'Yanina', 'wfinlayb2@dell.com', 2147483647, 'Este', 'Diabetes', 1, 1, '2023-10-06'),
(8651408, 'Gonzalez', 'Carlos', 'acatanheiralh@techcrunch.com', 1874471277, 'Oeste', NULL, 0, 1, '2023-10-02'),
(8677790, 'Fernandez', 'Jose', 'cstenhouseiv@un.org', 2147483647, 'Norte', NULL, 1, 0, '2023-10-05'),
(8765622, 'Martinez', 'Claudio', 'blomasfz@slideshare.net', 2147483647, 'Norte', NULL, 0, 0, '2023-10-01'),
(8794526, 'Chazarreta', 'Jose', 'sivanaev87@guardian.co.uk', 2147483647, 'Oeste', 'Hipertencion', 0, 0, '2023-10-03'),
(8796711, 'Martinez', 'Martin', 'adudek6a@flavors.me', 2147483647, 'Norte', 'Diabetes', 0, 0, '2023-10-06'),
(8810446, 'Lopez', 'Eliana', 'blehucquetqs@nba.com', 2147483647, 'Este', NULL, 1, 1, '2023-10-04'),
(8831999, 'Chazarreta', 'Claudio', 'pmackey5y@hhs.gov', 2147483647, 'Oeste', 'Obesidad', 1, 1, '2023-10-06'),
(8837478, 'Fernandez', 'Claudio', 'ckermittim@berkeley.edu', 2147483647, 'Sur', NULL, 1, 0, '2023-10-03'),
(8843636, 'Fernandez', 'Jose', 'dupstell36@usnews.com', 2147483647, 'Sur', NULL, 1, 0, '2023-10-02'),
(8856653, 'Gomez', 'Roxana', 'mlabrumdh@google.co.uk', 1412546834, 'Este', NULL, 0, 0, '2023-10-04'),
(8908057, 'Lopez', 'Claudio', 'edroughtqw@forbes.com', 1667570605, 'Este', NULL, 0, 0, '2023-10-04'),
(8978342, 'Lopez', 'Eliana', 'sdunbletonro@cloudflare.com', 2147483647, 'Sur', 'Obesidad', 0, 1, '2023-10-05'),
(9042164, 'Fernandez', 'Andrea', 'mpolet2x@shareasale.com', 2147483647, 'Sur', NULL, 0, 0, '2023-10-01'),
(9043243, 'Fernandez', 'Eliana', 'fpusillma@smugmug.com', 2147483647, 'Sur', NULL, 0, 1, '2023-10-04'),
(9071843, 'Ramirez', 'Yanina', 'marundellae@stumbleupon.com', 2147483647, 'Este', NULL, 0, 0, '2023-10-04'),
(9135524, 'Gomez', 'Roxana', 'rsparshettgk@phoca.cz', 2147483647, 'Norte', NULL, 1, 0, '2023-10-01'),
(9173714, 'Martinez', 'Claudio', 'epoone10@arstechnica.com', 2147483647, 'Este', NULL, 0, 0, '2023-10-01'),
(9282406, 'Gutierrez', 'Roxana', 'bswaffordnf@ucla.edu', 2147483647, 'Oeste', NULL, 0, 1, '2023-10-01'),
(9284719, 'Martinez', 'Carlos', 'ymullengerdp@xrea.com', 2147483647, 'Este', 'Diabetes', 0, 1, '2023-10-01'),
(9365827, 'Chazarreta', 'Andrea', 'ohardingg3@ed.gov', 2147483647, 'Norte', NULL, 0, 1, '2023-10-04'),
(9460193, 'Rodriguez', 'Carlos', 'cjullhn@bbb.org', 1144567138, 'Norte', 'Obesidad', 0, 0, '2023-10-03'),
(9576298, 'Gutierrez', 'Yanina', 'bgurr5s@msn.com', 2147483647, 'Sur', NULL, 1, 0, '2023-10-04'),
(9582440, 'Ramirez', 'Carlos', 'everdonho@washington.edu', 2147483647, 'Oeste', 'Hipertencion', 0, 0, '2023-10-01'),
(9675043, 'Martinez', 'Jose', 'gputsonig@netvibes.com', 2147483647, 'Sur', NULL, 1, 1, '2023-10-01'),
(9692856, 'Rodriguez', 'Jose', 'pwinhamr8@npr.org', 2147483647, 'Sur', 'Obesidad', 0, 0, '2023-10-04'),
(9715961, 'Gomez', 'Claudio', 'rjebbbs@163.com', 2147483647, 'Norte', NULL, 1, 1, '2023-10-06'),
(9748797, 'Rodriguez', 'Fernando', 'jgladstone83@wufoo.com', 2147483647, 'Norte', NULL, 1, 0, '2023-10-04'),
(9759054, 'Ramirez', 'Yanina', 'odemarchi97@fastcompany.com', 2147483647, 'Sur', 'Hipertencion', 1, 1, '2023-10-02'),
(9767547, 'Lopez', 'Carlos', 'sstuffins2l@soundcloud.com', 2147483647, 'Este', NULL, 0, 0, '2023-10-03'),
(9796186, 'Martinez', 'Julia', 'krintoulah@goo.ne.jp', 2147483647, 'Sur', 'Diabetes', 1, 1, '2023-10-02'),
(9819260, 'Chazarreta', 'Claudio', 'gevittmj@vk.com', 2147483647, 'Este', 'Diabetes', 0, 1, '2023-10-03'),
(9842707, 'Gutierrez', 'Jose', 'ndemageard2q@google.fr', 2147483647, 'Sur', NULL, 0, 1, '2023-10-05'),
(9887213, 'Perez', 'Carlos', 'gcliffe4c@admin.ch', 1331417425, 'Este', 'Diabetes', 1, 1, '2023-10-04'),
(9912393, 'Martinez', 'Claudio', 'tclayborn2a@squarespace.com', 2147483647, 'Sur', 'Diabetes', 1, 1, '2023-10-04'),
(10118495, 'Gonzalez', 'Andrea', 'cbrumptonpe@creativecommons.org', 2147483647, 'Oeste', NULL, 1, 0, '2023-10-04'),
(10121703, 'Lopez', 'Martin', 'ahugueville3n@digg.com', 1898318658, 'Este', NULL, 0, 0, '2023-10-03'),
(10126558, 'Lopez', 'Martin', 'kbraznell3z@google.com.au', 2147483647, 'Oeste', NULL, 1, 1, '2023-10-02'),
(10188318, 'Chazarreta', 'Andrea', 'sdaillyf4@is.gd', 2147483647, 'Sur', NULL, 0, 1, '2023-10-03'),
(10195680, 'Ramirez', 'Julia', 'bsarfattit@usgs.gov', 2147483647, 'Este', NULL, 1, 1, '2023-10-01'),
(10316933, 'Perez', 'Eliana', 'hkildalefm@fotki.com', 2147483647, 'Este', 'Asma', 0, 1, '2023-10-05'),
(10370709, 'Ramirez', 'Claudio', 'spergens2@t-online.de', 2147483647, 'Oeste', 'Obesidad', 0, 1, '2023-10-04'),
(10379867, 'Gonzalez', 'Andrea', 'lattoqv@redcross.org', 2147483647, 'Sur', NULL, 1, 1, '2023-10-04'),
(10398404, 'Perez', 'Martin', 'fedelheid5l@skyrock.com', 2147483647, 'Norte', NULL, 1, 1, '2023-10-01'),
(10457530, 'Lopez', 'Yanina', 'vscutti@freewebs.com', 2147483647, 'Oeste', NULL, 1, 0, '2023-10-02'),
(10487825, 'Gomez', 'Fernando', 'tarmin7y@unesco.org', 2147483647, 'Norte', NULL, 0, 0, '2023-10-05'),
(10545917, 'Gonzalez', 'Martin', 'ghue31@i2i.jp', 2147483647, 'Oeste', NULL, 1, 0, '2023-10-04'),
(10650816, 'Perez', 'Eliana', 'gfosserd7i@cnet.com', 2147483647, 'Norte', 'Diabetes', 0, 0, '2023-10-05'),
(10692313, 'Martinez', 'Jose', 'ecraufurdn@google.it', 2147483647, 'Norte', NULL, 1, 1, '2023-10-01'),
(10792408, 'Ramirez', 'Yanina', 'sjaynesqh@cpanel.net', 2147483647, 'Este', 'Asma', 1, 0, '2023-10-01'),
(10899819, 'Fernandez', 'Martin', 'kdenidgeh0@about.me', 2147483647, 'Oeste', NULL, 1, 0, '2023-10-03'),
(10997542, 'Ramirez', 'Jose', 'fandreasen5d@irs.gov', 2147483647, 'Este', NULL, 1, 1, '2023-10-04'),
(11066344, 'Chazarreta', 'Julia', 'ascotchmoorom@buzzfeed.com', 1826919612, 'Norte', 'Hipertencion', 1, 1, '2023-10-05'),
(11175579, 'Lopez', 'Roxana', 'ableythingg7@xinhuanet.com', 2147483647, 'Sur', 'Diabetes', 0, 0, '2023-10-03'),
(11267245, 'Gutierrez', 'Yanina', 'kluciusb9@census.gov', 2147483647, 'Este', NULL, 0, 0, '2023-10-02'),
(11270239, 'Perez', 'Fernando', 'abuneyq6@bluehost.com', 2147483647, 'Oeste', NULL, 1, 1, '2023-10-02'),
(11302502, 'Gomez', 'Fernando', 'gaish2m@123-reg.co.uk', 2147483647, 'Norte', NULL, 0, 1, '2023-10-01'),
(11440833, 'Gutierrez', 'Jose', 'wbaversor7r@sohu.com', 2147483647, 'Norte', NULL, 0, 0, '2023-10-01'),
(11496934, 'Gutierrez', 'Martin', 'wadamefd@delicious.com', 1209925827, 'Oeste', 'Hipertencion', 0, 0, '2023-10-04'),
(11521329, 'Fernandez', 'Eliana', 'jduligal53@yellowpages.com', 1055612654, 'Sur', 'Hipertencion', 0, 1, '2023-10-01'),
(11531306, 'Gutierrez', 'Fernando', 'abowers1m@fotki.com', 2147483647, 'Sur', NULL, 1, 0, '2023-10-03'),
(11690417, 'Martinez', 'Yanina', 'jshevelin70@stanford.edu', 2147483647, 'Oeste', 'Diabetes', 0, 1, '2023-10-06'),
(11696663, 'Gomez', 'Roxana', 'dsifflett7@topsy.com', 2147483647, 'Norte', NULL, 0, 0, '2023-10-01'),
(11792596, 'Gomez', 'Eliana', 'amannix39@blogtalkradio.com', 2147483647, 'Sur', 'Hipertencion', 0, 1, '2023-10-04'),
(11832993, 'Perez', 'Jose', 'fmallinsonc9@sakura.ne.jp', 2147483647, 'Oeste', 'Obesidad', 1, 1, '2023-10-05'),
(11910681, 'Chazarreta', 'Julia', 'lstansby5r@dell.com', 2147483647, 'Norte', NULL, 1, 1, '2023-10-02'),
(11987148, 'Gomez', 'Yanina', 'lpunshonhh@liveinternet.ru', 2147483647, 'Oeste', NULL, 1, 0, '2023-10-03'),
(12082910, 'Gomez', 'Yanina', 'bamysix@jimdo.com', 1295724691, 'Este', NULL, 1, 0, '2023-10-02'),
(12131426, 'Ramirez', 'Andrea', 'atomensonke@sakura.ne.jp', 2147483647, 'Sur', NULL, 0, 0, '2023-10-02'),
(12173276, 'Rodriguez', 'Andrea', 'jnowland9g@phpbb.com', 2147483647, 'Sur', NULL, 0, 1, '2023-10-06'),
(12173842, 'Martinez', 'Julia', 'tofford9v@163.com', 2147483647, 'Norte', NULL, 0, 0, '2023-10-05'),
(12214121, 'Perez', 'Andrea', 'tmingusb3@goo.gl', 2147483647, 'Norte', NULL, 0, 0, '2023-10-04'),
(12223492, 'Lopez', 'Martin', 'rwaplecf@ovh.net', 2115998778, 'Sur', NULL, 1, 0, '2023-10-06'),
(12248328, 'Perez', 'Eliana', 'ecomportrr@tinyurl.com', 2147483647, 'Oeste', 'Obesidad', 1, 1, '2023-10-01'),
(12379431, 'Ramirez', 'Julia', 'gcolin9r@imageshack.us', 2147483647, 'Oeste', NULL, 0, 1, '2023-10-06'),
(12401881, 'Gonzalez', 'Andrea', 'pbonickkq@nbcnews.com', 2147483647, 'Oeste', 'Asma', 1, 0, '2023-10-03'),
(12408209, 'Ramirez', 'Jose', 'jtarbornje@fda.gov', 2147483647, 'Oeste', 'Hipertencion', 1, 0, '2023-10-02'),
(12420728, 'Gutierrez', 'Martin', 'vmenelkb@blogger.com', 2147483647, 'Norte', NULL, 1, 1, '2023-10-03'),
(12426606, 'Chazarreta', 'Carlos', 'gannotte5@jiathis.com', 1517921322, 'Oeste', 'Asma', 0, 0, '2023-10-05'),
(12533813, 'Fernandez', 'Julia', 'kdenzilow92@chronoengine.com', 2147483647, 'Oeste', NULL, 1, 1, '2023-10-01'),
(12550257, 'Gutierrez', 'Jose', 'biffed5@wiley.com', 2147483647, 'Este', NULL, 1, 1, '2023-10-04'),
(12597424, 'Ramirez', 'Eliana', 'dcluttenmp@ameblo.jp', 2147483647, 'Este', NULL, 0, 1, '2023-10-04'),
(12698003, 'Gutierrez', 'Roxana', 'gforlongep@ox.ac.uk', 2064401712, 'Norte', NULL, 1, 0, '2023-10-05'),
(12779161, 'Ramirez', 'Claudio', 'naugustuscm@skype.com', 2147483647, 'Oeste', NULL, 0, 0, '2023-10-05'),
(12779925, 'Fernandez', 'Claudio', 'jcrushami1@nationalgeographic.com', 1007120056, 'Norte', 'Diabetes', 1, 0, '2023-10-02'),
(12804611, 'Gutierrez', 'Fernando', 'rcolvilles@slashdot.org', 2147483647, 'Norte', NULL, 1, 0, '2023-10-03'),
(12888228, 'Gonzalez', 'Andrea', 'sbenedictoqx@geocities.com', 2147483647, 'Este', NULL, 1, 1, '2023-10-04'),
(12963807, 'Chazarreta', 'Yanina', 'nbottrill9t@biglobe.ne.jp', 2147483647, 'Norte', NULL, 1, 0, '2023-10-03'),
(13117536, 'Martinez', 'Roxana', 'ctrineman4e@globo.com', 2147483647, 'Oeste', 'Asma', 1, 0, '2023-10-02'),
(13153549, 'Ramirez', 'Andrea', 'gferraresi5t@trellian.com', 2147483647, 'Norte', NULL, 1, 1, '2023-10-02'),
(13187187, 'Fernandez', 'Martin', 'braunii@nsw.gov.au', 2147483647, 'Sur', NULL, 1, 1, '2023-10-04'),
(13194180, 'Rodriguez', 'Julia', 'gklemt8z@squarespace.com', 2147483647, 'Norte', 'Hipertencion', 1, 1, '2023-10-01'),
(13262710, 'Lopez', 'Fernando', 'amartschikkv@wisc.edu', 2147483647, 'Norte', 'Hipertencion', 0, 0, '2023-10-03'),
(13467559, 'Rodriguez', 'Fernando', 'ccowtherdp5@sogou.com', 2147483647, 'Este', NULL, 0, 0, '2023-10-06'),
(13513529, 'Martinez', 'Roxana', 'cdehmf9@washingtonpost.com', 2147483647, 'Norte', 'Obesidad', 0, 1, '2023-10-04'),
(13513534, 'Martinez', 'Carlos', 'flindemann3b@va.gov', 2147483647, 'Oeste', 'Diabetes', 1, 1, '2023-10-01'),
(13529961, 'Perez', 'Yanina', 'mdaudph@ocn.ne.jp', 2147483647, 'Este', 'Asma', 1, 1, '2023-10-04'),
(13581308, 'Perez', 'Fernando', 'dtuffs8g@wikispaces.com', 2147483647, 'Este', 'Obesidad', 1, 1, '2023-10-02'),
(13707414, 'Rodriguez', 'Eliana', 'sreaceqt@ed.gov', 2147483647, 'Sur', NULL, 1, 1, '2023-10-01'),
(13739776, 'Fernandez', 'Eliana', 'gpourekj@over-blog.com', 2147483647, 'Norte', 'Diabetes', 1, 0, '2023-10-03'),
(13756628, 'Gonzalez', 'Fernando', 'mdunkerleyq@nps.gov', 2147483647, 'Oeste', NULL, 0, 1, '2023-10-02'),
(13822960, 'Rodriguez', 'Martin', 'srubertisog@pinterest.com', 2147483647, 'Este', 'Obesidad', 1, 1, '2023-10-02'),
(13838735, 'Gomez', 'Claudio', 'dtallynmb@home.pl', 2147483647, 'Norte', NULL, 0, 1, '2023-10-04'),
(13896981, 'Martinez', 'Roxana', 'mpointonly@google.com', 2147483647, 'Oeste', 'Hipertencion', 1, 0, '2023-10-05'),
(13918346, 'Fernandez', 'Yanina', 'jwaythingw@java.com', 2147483647, 'Sur', NULL, 0, 1, '2023-10-05'),
(13930164, 'Rodriguez', 'Julia', 'amaeer2o@fastcompany.com', 1857597325, 'Este', 'Obesidad', 0, 0, '2023-10-05'),
(13937873, 'Fernandez', 'Carlos', 'rtuffell9e@apache.org', 2147483647, 'Oeste', NULL, 1, 0, '2023-10-02'),
(14041212, 'Gomez', 'Andrea', 'dmarin7u@elpais.com', 2147483647, 'Oeste', 'Diabetes', 1, 0, '2023-10-03'),
(14065866, 'Chazarreta', 'Yanina', 'jrawlinhz@mediafire.com', 2147483647, 'Oeste', NULL, 0, 1, '2023-10-04'),
(14086269, 'Ramirez', 'Fernando', 'hduforee9@google.co.uk', 2147483647, 'Este', 'Hipertencion', 1, 0, '2023-10-03'),
(14141319, 'Gomez', 'Yanina', 'ljeannin51@nhs.uk', 2147483647, 'Sur', 'Asma', 0, 0, '2023-10-04'),
(14152618, 'Fernandez', 'Jose', 'chengoed6k@wsj.com', 2147483647, 'Oeste', 'Hipertencion', 1, 1, '2023-10-06'),
(14295616, 'Martinez', 'Eliana', 'kmccrackanff@a8.net', 2147483647, 'Sur', NULL, 0, 1, '2023-10-06'),
(14414403, 'Gomez', 'Yanina', 'proughqe@google.co.uk', 2147483647, 'Norte', NULL, 0, 1, '2023-10-06'),
(14479194, 'Gonzalez', 'Andrea', 'ajuan6z@altervista.org', 2147483647, 'Oeste', NULL, 1, 0, '2023-10-05'),
(14533374, 'Gonzalez', 'Fernando', 'wwhelpdalekf@unblog.fr', 2147483647, 'Sur', NULL, 1, 0, '2023-10-04'),
(14554270, 'Rodriguez', 'Martin', 'bogdahl88@furl.net', 1653216451, 'Sur', NULL, 1, 1, '2023-10-04'),
(14685989, 'Fernandez', 'Jose', 'etansley5k@angelfire.com', 2147483647, 'Sur', 'Asma', 1, 1, '2023-10-01'),
(14713966, 'Gomez', 'Claudio', 'klennonij@behance.net', 2147483647, 'Oeste', NULL, 0, 0, '2023-10-04'),
(14716601, 'Rodriguez', 'Carlos', 'kfuged7@delicious.com', 2147483647, 'Sur', 'Asma', 1, 1, '2023-10-04'),
(14828322, 'Rodriguez', 'Claudio', 'dbadinijd@cpanel.net', 2147483647, 'Oeste', 'Obesidad', 1, 0, '2023-10-02'),
(14841540, 'Gonzalez', 'Fernando', 'lhinchshaw7k@craigslist.org', 2147483647, 'Norte', NULL, 0, 1, '2023-10-04'),
(14849745, 'Ramirez', 'Andrea', 'apeasegod3y@nih.gov', 2147483647, 'Norte', 'Asma', 0, 0, '2023-10-05'),
(15257950, 'Perez', 'Julia', 'mshropsheirhu@woothemes.com', 2147483647, 'Este', NULL, 1, 1, '2023-10-04'),
(15345752, 'Martinez', 'Fernando', 'mjacqueminotoe@deviantart.com', 2147483647, 'Este', 'Hipertencion', 1, 0, '2023-10-02'),
(15498898, 'Perez', 'Martin', 'tgarraway6e@ustream.tv', 2147483647, 'Este', NULL, 1, 0, '2023-10-05'),
(15557843, 'Lopez', 'Carlos', 'wmartinolli5w@paginegialle.it', 2147483647, 'Este', 'Hipertencion', 1, 1, '2023-10-02'),
(15655287, 'Lopez', 'Eliana', 'utimewellrn@surveymonkey.com', 2147483647, 'Oeste', 'Hipertencion', 0, 1, '2023-10-05'),
(15739460, 'Perez', 'Claudio', 'sdanielqc@jimdo.com', 2147483647, 'Oeste', NULL, 1, 0, '2023-10-06'),
(15821717, 'Gutierrez', 'Andrea', 'cyegoshindt@surveymonkey.com', 2147483647, 'Este', NULL, 0, 1, '2023-10-04'),
(15853628, 'Perez', 'Roxana', 'ekohlermanlx@columbia.edu', 2147483647, 'Este', 'Asma', 0, 1, '2023-10-06'),
(15868755, 'Martinez', 'Claudio', 'flonerganq0@accuweather.com', 1704099941, 'Sur', NULL, 1, 0, '2023-10-06'),
(15894088, 'Lopez', 'Roxana', 'phannentit@dagondesign.com', 2147483647, 'Oeste', NULL, 1, 0, '2023-10-02'),
(15922512, 'Lopez', 'Eliana', 'mduxburydr@cnet.com', 2147483647, 'Este', 'Hipertencion', 1, 1, '2023-10-05'),
(15951846, 'Gutierrez', 'Yanina', 'bdowryhs@wordpress.org', 1303714638, 'Sur', NULL, 0, 0, '2023-10-03'),
(16126015, 'Ramirez', 'Andrea', 'tpeplaw57@si.edu', 2147483647, 'Este', NULL, 1, 1, '2023-10-01'),
(16190492, 'Gomez', 'Carlos', 'rmccudden2y@wisc.edu', 2147483647, 'Norte', NULL, 1, 0, '2023-10-06'),
(16216516, 'Lopez', 'Martin', 'ssweedq8@scribd.com', 2147483647, 'Este', 'Hipertencion', 1, 1, '2023-10-03'),
(16218780, 'Gutierrez', 'Martin', 'fcarrettht@marriott.com', 2147483647, 'Este', 'Diabetes', 0, 1, '2023-10-01'),
(16380495, 'Ramirez', 'Roxana', 'asweedyhi@technorati.com', 2147483647, 'Este', NULL, 0, 1, '2023-10-05'),
(16385660, 'Lopez', 'Roxana', 'sgrigorij4@clickbank.net', 2147483647, 'Oeste', NULL, 0, 1, '2023-10-04'),
(16465040, 'Fernandez', 'Eliana', 'atusonec@flickr.com', 2147483647, 'Sur', NULL, 0, 1, '2023-10-03'),
(16489704, 'Gomez', 'Julia', 'tharken5i@ucsd.edu', 2147483647, 'Norte', 'Diabetes', 1, 0, '2023-10-03'),
(16497035, 'Fernandez', 'Roxana', 'lsilbersakpv@state.tx.us', 1132606612, 'Norte', NULL, 0, 1, '2023-10-01'),
(16497323, 'Ramirez', 'Eliana', 'dsummerill5a@com.com', 2147483647, 'Este', 'Diabetes', 0, 0, '2023-10-06'),
(16516581, 'Martinez', 'Claudio', 'hsykoradx@unc.edu', 2147483647, 'Norte', NULL, 1, 1, '2023-10-03'),
(16543812, 'Martinez', 'Claudio', 'rortmann8i@techcrunch.com', 2147483647, 'Oeste', NULL, 0, 1, '2023-10-05'),
(16584137, 'Fernandez', 'Eliana', 'tdearing3k@plala.or.jp', 2147483647, 'Sur', 'Hipertencion', 0, 1, '2023-10-03'),
(16685816, 'Gutierrez', 'Roxana', 'pbownesd3@t-online.de', 2147483647, 'Norte', NULL, 1, 1, '2023-10-05'),
(16696543, 'Perez', 'Roxana', 'dmcgiffiw@tripod.com', 2147483647, 'Este', NULL, 1, 0, '2023-10-06'),
(16710388, 'Perez', 'Fernando', 'acallicottax@google.com', 2147483647, 'Este', NULL, 0, 1, '2023-10-02'),
(16712624, 'Ramirez', 'Jose', 'lschallnk@earthlink.net', 2147483647, 'Oeste', NULL, 0, 0, '2023-10-05'),
(16721309, 'Gomez', 'Yanina', 'ngasconegr@mit.edu', 2147483647, 'Este', 'Hipertencion', 0, 0, '2023-10-06'),
(16740274, 'Gomez', 'Yanina', 'swimletfl@com.com', 1613858187, 'Este', 'Diabetes', 1, 1, '2023-10-03'),
(16765412, 'Martinez', 'Julia', 'cdimaggio82@mail.ru', 2147483647, 'Sur', 'Hipertencion', 0, 1, '2023-10-06'),
(16883798, 'Ramirez', 'Martin', 'lcardor4@naver.com', 2147483647, 'Oeste', NULL, 0, 0, '2023-10-03'),
(16925352, 'Fernandez', 'Roxana', 'jhoftone1@chronoengine.com', 2147483647, 'Este', NULL, 0, 0, '2023-10-06'),
(16960475, 'Martinez', 'Fernando', 'mbickerdykefw@salon.com', 2147483647, 'Oeste', 'Obesidad', 0, 1, '2023-10-04'),
(16965125, 'Martinez', 'Carlos', 'wwabe7j@liveinternet.ru', 2147483647, 'Oeste', NULL, 0, 0, '2023-10-01'),
(16966748, 'Gomez', 'Yanina', 'ebundockeb@domainmarket.com', 2147483647, 'Oeste', 'Hipertencion', 1, 0, '2023-10-01'),
(17022347, 'Gutierrez', 'Jose', 'mbrotherhedgy@imgur.com', 2147483647, 'Este', NULL, 0, 0, '2023-10-04'),
(17065606, 'Rodriguez', 'Fernando', 'kpedleyhl@alexa.com', 2147483647, 'Oeste', 'Obesidad', 0, 0, '2023-10-05'),
(17088367, 'Rodriguez', 'Carlos', 'rdrillot9c@ebay.com', 2147483647, 'Oeste', NULL, 0, 0, '2023-10-05'),
(17119406, 'Gutierrez', 'Carlos', 'fbockenrf@ebay.com', 2147483647, 'Oeste', 'Obesidad', 0, 0, '2023-10-03'),
(17122879, 'Perez', 'Fernando', 'astoreybz@sciencedaily.com', 2147483647, 'Sur', NULL, 1, 1, '2023-10-02'),
(17245375, 'Rodriguez', 'Andrea', 'acarssa0@vkontakte.ru', 2147483647, 'Oeste', NULL, 1, 0, '2023-10-04'),
(17361551, 'Gonzalez', 'Yanina', 'lgildeabe@freewebs.com', 2147483647, 'Oeste', 'Hipertencion', 1, 1, '2023-10-03'),
(17372923, 'Ramirez', 'Andrea', 'ssiemons89@tinypic.com', 2147483647, 'Oeste', NULL, 1, 1, '2023-10-06'),
(17517086, 'Ramirez', 'Julia', 'sbronto5@va.gov', 2147483647, 'Sur', NULL, 0, 0, '2023-10-04'),
(17518700, 'Perez', 'Eliana', 'bellikerkt@mtv.com', 2147483647, 'Norte', NULL, 0, 1, '2023-10-03'),
(17524681, 'Gomez', 'Roxana', 'cmainson6h@narod.ru', 2147483647, 'Sur', NULL, 1, 1, '2023-10-05'),
(17529229, 'Gutierrez', 'Claudio', 'edeguerreaa@marketwatch.com', 2147483647, 'Norte', 'Obesidad', 1, 0, '2023-10-03'),
(17547381, 'Rodriguez', 'Roxana', 'fhugonneauh5@privacy.gov.au', 2147483647, 'Este', 'Asma', 0, 0, '2023-10-04'),
(17550599, 'Gomez', 'Eliana', 'gdeguerrej@chicagotribune.com', 2147483647, 'Este', 'Obesidad', 0, 0, '2023-10-03'),
(17631204, 'Perez', 'Jose', 'adullard3u@usa.gov', 2147483647, 'Norte', NULL, 1, 0, '2023-10-06'),
(17725147, 'Lopez', 'Carlos', 'swileman37@yale.edu', 2147483647, 'Norte', NULL, 0, 1, '2023-10-03'),
(17829395, 'Martinez', 'Julia', 'mtutepo@msu.edu', 2147483647, 'Sur', NULL, 0, 0, '2023-10-01'),
(17859549, 'Rodriguez', 'Fernando', 'ptebbothb7@mapquest.com', 2147483647, 'Oeste', NULL, 1, 1, '2023-10-02'),
(17873042, 'Rodriguez', 'Carlos', 'handreuo3@seesaa.net', 2147483647, 'Sur', 'Asma', 0, 0, '2023-10-01'),
(17887406, 'Ramirez', 'Fernando', 'csutheringtond1@imageshack.us', 2147483647, 'Este', NULL, 1, 0, '2023-10-05'),
(17893630, 'Gutierrez', 'Martin', 'mfochk@oaic.gov.au', 2147483647, 'Sur', NULL, 0, 0, '2023-10-04'),
(17935358, 'Perez', 'Fernando', 'ncharplinggq@homestead.com', 1949711149, 'Este', 'Hipertencion', 1, 1, '2023-10-03'),
(17970015, 'Gomez', 'Roxana', 'lsegraveky@ihg.com', 2147483647, 'Sur', NULL, 1, 1, '2023-10-04'),
(17982906, 'Rodriguez', 'Julia', 'latterbury2t@fastcompany.com', 2147483647, 'Este', 'Asma', 0, 0, '2023-10-01'),
(17998787, 'Martinez', 'Yanina', 'esteaning1y@independent.co.uk', 2147483647, 'Oeste', NULL, 0, 0, '2023-10-03'),
(18064704, 'Gomez', 'Martin', 'bborthe5z@lycos.com', 2147483647, 'Oeste', NULL, 1, 1, '2023-10-03'),
(18134319, 'Rodriguez', 'Yanina', 'mevans5q@i2i.jp', 2147483647, 'Norte', NULL, 1, 1, '2023-10-04'),
(18185735, 'Fernandez', 'Jose', 'ffomichyovbv@cbc.ca', 2147483647, 'Norte', 'Obesidad', 1, 0, '2023-10-02'),
(18217357, 'Gutierrez', 'Julia', 'fgadaud5o@cnbc.com', 2147483647, 'Este', NULL, 1, 0, '2023-10-05'),
(18230713, 'Rodriguez', 'Fernando', 'aszimonrg@163.com', 2147483647, 'Este', NULL, 1, 0, '2023-10-04'),
(18258080, 'Ramirez', 'Claudio', 'pcancutt1a@yellowbook.com', 2147483647, 'Sur', NULL, 1, 0, '2023-10-01'),
(18266328, 'Gonzalez', 'Roxana', 'tfrentz4j@google.co.jp', 2147483647, 'Norte', NULL, 1, 1, '2023-10-03'),
(18369747, 'Chazarreta', 'Martin', 'aheedbu@cocolog-nifty.com', 2147483647, 'Sur', 'Obesidad', 1, 0, '2023-10-02'),
(18381712, 'Gutierrez', 'Julia', 'lstainfield7x@jimdo.com', 2147483647, 'Este', 'Hipertencion', 1, 1, '2023-10-05'),
(18404760, 'Gutierrez', 'Claudio', 'ayallowleyeu@businesswire.com', 2147483647, 'Sur', NULL, 0, 1, '2023-10-01'),
(18424261, 'Gonzalez', 'Claudio', 'svanshin9w@apple.com', 2147483647, 'Oeste', NULL, 0, 1, '2023-10-02'),
(18432279, 'Martinez', 'Martin', 'nmconie7l@scientificamerican.com', 2147483647, 'Oeste', 'Obesidad', 0, 0, '2023-10-03'),
(18461985, 'Gutierrez', 'Eliana', 'wwiffieldou@slideshare.net', 2147483647, 'Oeste', 'Hipertencion', 1, 1, '2023-10-04'),
(18486557, 'Rodriguez', 'Jose', 'mianniellodb@deviantart.com', 2147483647, 'Oeste', 'Asma', 1, 1, '2023-10-06'),
(18542449, 'Fernandez', 'Carlos', 'llesmonde1b@nydailynews.com', 2147483647, 'Este', NULL, 1, 1, '2023-10-02'),
(18557475, 'Gomez', 'Carlos', 'bdines7d@cbc.ca', 2147483647, 'Oeste', NULL, 1, 0, '2023-10-06'),
(18562432, 'Lopez', 'Julia', 'eartzfi@sina.com.cn', 2147483647, 'Oeste', NULL, 1, 1, '2023-10-02'),
(18563639, 'Gutierrez', 'Andrea', 'abeaglesjz@umn.edu', 2147483647, 'Norte', 'Hipertencion', 0, 1, '2023-10-04'),
(18573493, 'Gutierrez', 'Claudio', 'ochastangjt@de.vu', 2147483647, 'Oeste', NULL, 1, 0, '2023-10-02'),
(18605411, 'Lopez', 'Claudio', 'awhitfordj0@noaa.gov', 2125418843, 'Oeste', 'Diabetes', 1, 1, '2023-10-03'),
(18778096, 'Gomez', 'Yanina', 'eleicestergi@blogtalkradio.com', 1426666634, 'Sur', 'Asma', 0, 0, '2023-10-06'),
(18818154, 'Lopez', 'Claudio', 'glinsteade6@walmart.com', 2147483647, 'Este', NULL, 0, 1, '2023-10-05'),
(18879138, 'Fernandez', 'Julia', 'ascoullerls@tamu.edu', 2147483647, 'Sur', NULL, 0, 1, '2023-10-03'),
(18881991, 'Gutierrez', 'Julia', 'fcoursos@dmoz.org', 2147483647, 'Sur', NULL, 0, 1, '2023-10-02'),
(18895224, 'Gutierrez', 'Fernando', 'dbresmanhe@ning.com', 2147483647, 'Oeste', 'Obesidad', 0, 0, '2023-10-05'),
(18915625, 'Gutierrez', 'Julia', 'ebrunningnh@archive.org', 2147483647, 'Norte', NULL, 1, 1, '2023-10-04'),
(18953863, 'Lopez', 'Eliana', 'aborthramon@princeton.edu', 1585308611, 'Norte', NULL, 0, 1, '2023-10-05'),
(18969218, 'Ramirez', 'Julia', 'rfiridolfifj@boston.com', 2147483647, 'Norte', 'Diabetes', 1, 1, '2023-10-04'),
(19024307, 'Ramirez', 'Fernando', 'mbrunigesp6@comcast.net', 2147483647, 'Este', NULL, 0, 1, '2023-10-03'),
(19060286, 'Gutierrez', 'Yanina', 'avinsonoy@dyndns.org', 2147483647, 'Oeste', NULL, 0, 1, '2023-10-06'),
(19139107, 'Chazarreta', 'Yanina', 'slamymanhx@wix.com', 2147483647, 'Sur', 'Hipertencion', 1, 1, '2023-10-05'),
(19157326, 'Rodriguez', 'Martin', 'bhannabus6g@shutterfly.com', 2147483647, 'Este', NULL, 1, 0, '2023-10-06'),
(19178162, 'Perez', 'Fernando', 'slivezey2g@example.com', 2147483647, 'Este', 'Asma', 1, 0, '2023-10-04'),
(19183972, 'Rodriguez', 'Jose', 'ecolnetthf@howstuffworks.com', 2147483647, 'Oeste', NULL, 1, 0, '2023-10-05'),
(19274825, 'Rodriguez', 'Yanina', 'ghalgarthag@seesaa.net', 2147483647, 'Oeste', NULL, 0, 0, '2023-10-05'),
(19285241, 'Ramirez', 'Claudio', 'ypfertnerk6@tmall.com', 2147483647, 'Oeste', NULL, 1, 1, '2023-10-05'),
(19298659, 'Gomez', 'Eliana', 'tmordantila@mozilla.com', 2147483647, 'Norte', 'Obesidad', 0, 0, '2023-10-04'),
(19358563, 'Rodriguez', 'Julia', 'tpinckneygu@engadget.com', 2147483647, 'Norte', 'Diabetes', 0, 1, '2023-10-03'),
(19392275, 'Perez', 'Julia', 'femenykn@posterous.com', 2147483647, 'Norte', 'Diabetes', 1, 1, '2023-10-03'),
(19442295, 'Ramirez', 'Carlos', 'llottf2@slideshare.net', 2147483647, 'Este', 'Obesidad', 1, 0, '2023-10-05'),
(19458392, 'Rodriguez', 'Jose', 'cbroadisgb@jimdo.com', 2147483647, 'Sur', 'Diabetes', 1, 1, '2023-10-06'),
(19590410, 'Gomez', 'Claudio', 'dbramhallr0@google.es', 1171031018, 'Sur', NULL, 0, 1, '2023-10-06'),
(19646306, 'Gutierrez', 'Fernando', 'bbris2v@acquirethisname.com', 2147483647, 'Sur', NULL, 1, 0, '2023-10-02'),
(19654207, 'Fernandez', 'Roxana', 'aglenisterjw@over-blog.com', 2147483647, 'Sur', 'Hipertencion', 1, 1, '2023-10-05'),
(19701151, 'Gomez', 'Andrea', 'sdanevc0@vimeo.com', 2147483647, 'Norte', NULL, 1, 0, '2023-10-01'),
(19720468, 'Fernandez', 'Claudio', 'lrudham64@rakuten.co.jp', 2147483647, 'Oeste', 'Hipertencion', 0, 0, '2023-10-06'),
(19929043, 'Gomez', 'Roxana', 'mstorrier4i@tripod.com', 2147483647, 'Oeste', NULL, 1, 0, '2023-10-01'),
(19983083, 'Rodriguez', 'Fernando', 'ckaufman7b@nymag.com', 2147483647, 'Sur', NULL, 1, 0, '2023-10-03'),
(20122140, 'Gonzalez', 'Roxana', 'ctolossi38@eventbrite.com', 2147483647, 'Norte', NULL, 1, 0, '2023-10-05'),
(20152509, 'Fernandez', 'Carlos', 'noty9@sohu.com', 2147483647, 'Norte', 'Asma', 1, 1, '2023-10-06'),
(20153266, 'Lopez', 'Claudio', 'ybowiega@huffingtonpost.com', 2147483647, 'Sur', 'Diabetes', 1, 1, '2023-10-04'),
(20160900, 'Gutierrez', 'Carlos', 'scassono1@yellowpages.com', 2147483647, 'Este', 'Asma', 0, 1, '2023-10-05'),
(20262625, 'Lopez', 'Yanina', 'orenvoyspt@dion.ne.jp', 2147483647, 'Sur', NULL, 0, 1, '2023-10-06'),
(20271248, 'Martinez', 'Fernando', 'mtolerton9p@so-net.ne.jp', 2147483647, 'Este', 'Asma', 0, 0, '2023-10-03'),
(20291801, 'Gutierrez', 'Yanina', 'sfryetta4@furl.net', 1887630978, 'Norte', NULL, 1, 0, '2023-10-03'),
(20304585, 'Gomez', 'Yanina', 'askocroftay@g.co', 1154387267, 'Oeste', NULL, 0, 1, '2023-10-02'),
(20385929, 'Martinez', 'Fernando', 'zloftusi6@mysql.com', 2147483647, 'Este', NULL, 1, 1, '2023-10-04'),
(20405513, 'Martinez', 'Jose', 'ltrottonek@chronoengine.com', 2147483647, 'Este', NULL, 1, 0, '2023-10-01'),
(20410424, 'Gutierrez', 'Eliana', 'eglastonburybt@elegantthemes.com', 2147483647, 'Norte', NULL, 0, 0, '2023-10-06'),
(20470524, 'Gomez', 'Martin', 'edockwrayhm@e-recht24.de', 2147483647, 'Sur', NULL, 1, 0, '2023-10-02'),
(20481067, 'Perez', 'Julia', 'kalessandoneg4@infoseek.co.jp', 2147483647, 'Norte', NULL, 1, 1, '2023-10-02'),
(20510670, 'Gutierrez', 'Yanina', 'kloxtonlp@reference.com', 2147483647, 'Oeste', NULL, 0, 1, '2023-10-05'),
(20520119, 'Perez', 'Andrea', 'hdoohancl@wp.com', 2147483647, 'Sur', NULL, 1, 1, '2023-10-03'),
(20556145, 'Perez', 'Andrea', 'tloffhead20@discuz.net', 2116136244, 'Norte', 'Obesidad', 0, 0, '2023-10-06'),
(20761223, 'Martinez', 'Martin', 'cculbert8p@discuz.net', 2147483647, 'Este', NULL, 0, 0, '2023-10-06'),
(20767783, 'Gonzalez', 'Julia', 'wevennettia@archive.org', 2147483647, 'Norte', NULL, 1, 1, '2023-10-01'),
(20788424, 'Chazarreta', 'Martin', 'pshakespear26@nyu.edu', 2147483647, 'Sur', NULL, 1, 1, '2023-10-05'),
(20799229, 'Martinez', 'Claudio', 'pstearnee@cargocollective.com', 2147483647, 'Este', 'Asma', 0, 1, '2023-10-06'),
(20830972, 'Gomez', 'Roxana', 'hpetrisqf@addthis.com', 2147483647, 'Norte', 'Hipertencion', 1, 0, '2023-10-05'),
(20884912, 'Perez', 'Jose', 'iannies35@jigsy.com', 2147483647, 'Sur', NULL, 1, 1, '2023-10-02'),
(20892864, 'Ramirez', 'Claudio', 'vricketspa@amazonaws.com', 2147483647, 'Sur', NULL, 1, 1, '2023-10-03'),
(20946534, 'Gutierrez', 'Julia', 'saldayik@dagondesign.com', 2147483647, 'Este', 'Diabetes', 0, 1, '2023-10-02'),
(20955102, 'Chazarreta', 'Jose', 'mdoohanr@themeforest.net', 2147483647, 'Sur', 'Hipertencion', 1, 0, '2023-10-06'),
(21016168, 'Gonzalez', 'Martin', 'tcoweuppe4u@baidu.com', 2147483647, 'Sur', 'Asma', 0, 1, '2023-10-03'),
(21061701, 'Gutierrez', 'Julia', 'bmower58@blogger.com', 2147483647, 'Este', NULL, 0, 0, '2023-10-04'),
(21080365, 'Gutierrez', 'Fernando', 'bprestage2k@nba.com', 2147483647, 'Sur', 'Obesidad', 0, 0, '2023-10-06'),
(21107599, 'Gutierrez', 'Martin', 'anewlandr3@ft.com', 2147483647, 'Sur', 'Hipertencion', 1, 1, '2023-10-03'),
(21165365, 'Chazarreta', 'Andrea', 'tpatmanmc@pinterest.com', 2147483647, 'Sur', NULL, 1, 1, '2023-10-05'),
(21225090, 'Gomez', 'Andrea', 'ahartegan1q@nationalgeographic.com', 2147483647, 'Oeste', NULL, 1, 0, '2023-10-04'),
(21347357, 'Lopez', 'Yanina', 'scalytonmu@google.co.jp', 2147483647, 'Oeste', NULL, 1, 0, '2023-10-01'),
(21407804, 'Gomez', 'Martin', 'gcarec3@prlog.org', 2147483647, 'Sur', NULL, 1, 1, '2023-10-03'),
(21426569, 'Chazarreta', 'Andrea', 'zfoxcroftk3@storify.com', 2147483647, 'Sur', 'Obesidad', 0, 1, '2023-10-03'),
(21561055, 'Ramirez', 'Julia', 'opulli5@marriott.com', 2147483647, 'Este', NULL, 1, 0, '2023-10-02'),
(21649437, 'Ramirez', 'Jose', 'jcream1p@yelp.com', 1476319260, 'Norte', NULL, 0, 1, '2023-10-01'),
(21680165, 'Gomez', 'Roxana', 'orichardsson7t@japanpost.jp', 2147483647, 'Norte', 'Diabetes', 1, 1, '2023-10-06'),
(21745597, 'Gomez', 'Roxana', 'hhirtz21@pbs.org', 1597156628, 'Este', 'Asma', 0, 0, '2023-10-06'),
(21752599, 'Gonzalez', 'Jose', 'mstredwicked@ucla.edu', 1991119806, 'Oeste', 'Obesidad', 0, 1, '2023-10-02'),
(21787672, 'Ramirez', 'Fernando', 'skrollmann2@google.ru', 2147483647, 'Norte', NULL, 1, 0, '2023-10-04'),
(21829148, 'Fernandez', 'Yanina', 'aspriddle5h@prweb.com', 1695635368, 'Sur', NULL, 1, 1, '2023-10-02'),
(21881561, 'Rodriguez', 'Martin', 'umeadwayfg@forbes.com', 2147483647, 'Este', NULL, 0, 1, '2023-10-01'),
(22083703, 'Perez', 'Fernando', 'bharnell1o@unicef.org', 2147483647, 'Este', NULL, 0, 1, '2023-10-05'),
(22102894, 'Perez', 'Julia', 'beversley95@webs.com', 2147483647, 'Norte', NULL, 0, 1, '2023-10-03'),
(22212427, 'Perez', 'Martin', 'tsteart8a@umich.edu', 2147483647, 'Este', 'Diabetes', 0, 0, '2023-10-03'),
(22331589, 'Perez', 'Jose', 'sparkisson9i@unblog.fr', 2147483647, 'Este', NULL, 1, 0, '2023-10-03'),
(22442469, 'Fernandez', 'Eliana', 'ilafuente4k@netlog.com', 2147483647, 'Oeste', 'Asma', 0, 0, '2023-10-01'),
(22454981, 'Perez', 'Julia', 'dhadcroftcs@slate.com', 2147483647, 'Sur', NULL, 0, 0, '2023-10-06'),
(22477920, 'Chazarreta', 'Jose', 'lworvilleq@jigsy.com', 2147483647, 'Oeste', 'Diabetes', 0, 1, '2023-10-06'),
(22614971, 'Gutierrez', 'Yanina', 'cangersteinkd@howstuffworks.com', 2147483647, 'Norte', NULL, 0, 1, '2023-10-04'),
(22797650, 'Lopez', 'Carlos', 'kvasilik1z@amazonaws.com', 2147483647, 'Oeste', NULL, 0, 0, '2023-10-06'),
(22824985, 'Ramirez', 'Claudio', 'ihouseley3v@ask.com', 2147483647, 'Oeste', NULL, 1, 0, '2023-10-05'),
(22964190, 'Gutierrez', 'Andrea', 'ostillym0@opera.com', 2147483647, 'Este', NULL, 1, 0, '2023-10-05'),
(22986924, 'Ramirez', 'Yanina', 'blotterington6l@cnbc.com', 2147483647, 'Norte', NULL, 0, 0, '2023-10-05'),
(23002221, 'Chazarreta', 'Jose', 'jwicklind0@bloglines.com', 2147483647, 'Este', NULL, 0, 0, '2023-10-03'),
(23041442, 'Gomez', 'Andrea', 'edunstall1u@wix.com', 2147483647, 'Sur', NULL, 0, 0, '2023-10-02'),
(23044916, 'Martinez', 'Jose', 'ywinteru@hibu.com', 2147483647, 'Sur', 'Hipertencion', 1, 1, '2023-10-06'),
(23061983, 'Gonzalez', 'Yanina', 'rlukianovichn3@hc360.com', 2147483647, 'Sur', NULL, 1, 1, '2023-10-06'),
(23132657, 'Chazarreta', 'Carlos', 'ehurlestoniy@vistaprint.com', 2147483647, 'Sur', NULL, 1, 1, '2023-10-01'),
(23241018, 'Lopez', 'Andrea', 'mrobelowew@census.gov', 2147483647, 'Sur', 'Asma', 1, 0, '2023-10-03'),
(23333454, 'Perez', 'Martin', 'eborkettqn@multiply.com', 2147483647, 'Norte', NULL, 1, 0, '2023-10-03'),
(23383751, 'Gutierrez', 'Fernando', 'fgealeg2@furl.net', 2147483647, 'Norte', 'Obesidad', 0, 0, '2023-10-05'),
(23420136, 'Gutierrez', 'Andrea', 'bbrogginia5@diigo.com', 2147483647, 'Oeste', 'Diabetes', 1, 1, '2023-10-02'),
(23433850, 'Perez', 'Martin', 'rbatthew67@go.com', 2147483647, 'Oeste', NULL, 1, 0, '2023-10-02'),
(23482679, 'Ramirez', 'Roxana', 'imacascaidh8b@geocities.com', 2147483647, 'Este', 'Diabetes', 0, 1, '2023-10-04'),
(23514694, 'Perez', 'Claudio', 'vrendbaekck@nba.com', 2147483647, 'Norte', 'Asma', 1, 0, '2023-10-01'),
(23552309, 'Gutierrez', 'Julia', 'ccoventoniu@thetimes.co.uk', 2147483647, 'Norte', NULL, 1, 0, '2023-10-06'),
(23555192, 'Ramirez', 'Julia', 'dgalvinai@sitemeter.com', 2147483647, 'Sur', 'Asma', 0, 0, '2023-10-05'),
(23560618, 'Lopez', 'Yanina', 'jmatteaaq@ca.gov', 1274731824, 'Sur', NULL, 1, 1, '2023-10-02'),
(23592531, 'Rodriguez', 'Martin', 'dsuchev@webeden.co.uk', 2147483647, 'Este', NULL, 0, 0, '2023-10-06'),
(23609962, 'Chazarreta', 'Julia', 'tturvillefn@cmu.edu', 2147483647, 'Norte', 'Hipertencion', 1, 1, '2023-10-03'),
(23669188, 'Martinez', 'Roxana', 'fdecourt79@earthlink.net', 2147483647, 'Este', NULL, 1, 1, '2023-10-01'),
(23676925, 'Gonzalez', 'Martin', 'bdecruzq4@squarespace.com', 2147483647, 'Oeste', NULL, 1, 0, '2023-10-05'),
(23702812, 'Fernandez', 'Carlos', 'lbentinckjq@engadget.com', 2147483647, 'Este', NULL, 0, 1, '2023-10-02'),
(23723802, 'Ramirez', 'Fernando', 'bdevonsgt@cargocollective.com', 2147483647, 'Norte', 'Diabetes', 1, 1, '2023-10-05'),
(23762554, 'Chazarreta', 'Roxana', 'sshwennnx@economist.com', 2147483647, 'Este', 'Asma', 1, 0, '2023-10-06'),
(23820831, 'Gutierrez', 'Julia', 'hbadmanoq@wikia.com', 2147483647, 'Este', 'Obesidad', 0, 1, '2023-10-02'),
(23860806, 'Martinez', 'Julia', 'tsimonitto5n@ftc.gov', 2147483647, 'Oeste', 'Asma', 1, 1, '2023-10-06'),
(23892045, 'Chazarreta', 'Claudio', 'gdeyenhardtdd@ameblo.jp', 2147483647, 'Norte', 'Hipertencion', 0, 1, '2023-10-05'),
(23913177, 'Gomez', 'Fernando', 'edavydochkincr@shareasale.com', 2147483647, 'Oeste', NULL, 0, 0, '2023-10-03'),
(23965680, 'Martinez', 'Andrea', 'lalbenqq@marriott.com', 2147483647, 'Norte', 'Hipertencion', 0, 1, '2023-10-01'),
(24016161, 'Gomez', 'Yanina', 'alamas77@xing.com', 2147483647, 'Este', 'Asma', 0, 1, '2023-10-03'),
(24107597, 'Gutierrez', 'Roxana', 'ugerrenm3@oracle.com', 2147483647, 'Sur', NULL, 1, 1, '2023-10-05'),
(24135086, 'Rodriguez', 'Roxana', 'aaldhousa9@godaddy.com', 2147483647, 'Sur', 'Hipertencion', 0, 1, '2023-10-05'),
(24216930, 'Gomez', 'Claudio', 'csharper3h@dell.com', 2147483647, 'Oeste', 'Hipertencion', 1, 1, '2023-10-06'),
(24243758, 'Fernandez', 'Fernando', 'amacmarcuisjb@creativecommons.org', 2147483647, 'Norte', NULL, 1, 1, '2023-10-05'),
(24245014, 'Lopez', 'Fernando', 'aflecknoe3@senate.gov', 2147483647, 'Este', NULL, 0, 0, '2023-10-06'),
(24248395, 'Martinez', 'Carlos', 'rhowroyd56@army.mil', 2147483647, 'Este', NULL, 0, 0, '2023-10-06'),
(24275796, 'Rodriguez', 'Carlos', 'cfontelg9@oaic.gov.au', 2147483647, 'Norte', 'Obesidad', 0, 1, '2023-10-01'),
(24301783, 'Rodriguez', 'Roxana', 'hnassey98@ustream.tv', 2147483647, 'Norte', NULL, 0, 0, '2023-10-06'),
(24368588, 'Gutierrez', 'Jose', 'bmathelin8q@parallels.com', 2147483647, 'Sur', NULL, 1, 1, '2023-10-04'),
(24376754, 'Ramirez', 'Andrea', 'gkenward4n@ow.ly', 2147483647, 'Norte', NULL, 1, 1, '2023-10-01'),
(24438605, 'Gonzalez', 'Jose', 'kickowicse8@so-net.ne.jp', 2147483647, 'Sur', 'Hipertencion', 0, 0, '2023-10-04'),
(24462968, 'Chazarreta', 'Martin', 'tcobainod@cafepress.com', 2147483647, 'Oeste', NULL, 0, 1, '2023-10-01'),
(24476257, 'Gomez', 'Claudio', 'smaddick5p@themeforest.net', 1747347894, 'Este', NULL, 0, 1, '2023-10-04'),
(24558315, 'Gomez', 'Carlos', 'bfonter@seesaa.net', 2147483647, 'Este', NULL, 1, 0, '2023-10-03'),
(24643804, 'Chazarreta', 'Roxana', 'fgriffem6@themeforest.net', 2031494878, 'Sur', NULL, 1, 0, '2023-10-03'),
(24703052, 'Gomez', 'Julia', 'tgurrado8r@alibaba.com', 1473387190, 'Este', NULL, 1, 1, '2023-10-05'),
(24747060, 'Gonzalez', 'Julia', 'rolechnowiczm8@independent.co.uk', 1445156163, 'Este', NULL, 1, 0, '2023-10-02'),
(24750422, 'Gomez', 'Andrea', 'bbiaggiottirb@sphinn.com', 2147483647, 'Sur', 'Obesidad', 1, 1, '2023-10-04'),
(24873165, 'Fernandez', 'Jose', 'llatan6s@e-recht24.de', 2147483647, 'Oeste', 'Asma', 1, 1, '2023-10-04'),
(24894923, 'Martinez', 'Claudio', 'jelveyr2@oaic.gov.au', 2147483647, 'Sur', 'Asma', 0, 1, '2023-10-03'),
(24908422, 'Gutierrez', 'Yanina', 'blukasikgz@ebay.com', 2147483647, 'Oeste', 'Diabetes', 0, 1, '2023-10-02'),
(24926876, 'Ramirez', 'Claudio', 'djohannessonl4@feedburner.com', 2147483647, 'Este', NULL, 1, 1, '2023-10-02'),
(24941038, 'Perez', 'Roxana', 'bfransmanan@youtube.com', 1983819814, 'Sur', NULL, 1, 1, '2023-10-02'),
(25002939, 'Ramirez', 'Roxana', 'lluckcuckkc@princeton.edu', 2147483647, 'Norte', NULL, 1, 0, '2023-10-03'),
(25126485, 'Gonzalez', 'Roxana', 'smclae3c@google.ru', 2147483647, 'Oeste', NULL, 0, 0, '2023-10-05'),
(25213724, 'Gonzalez', 'Martin', 'jonraetqz@exblog.jp', 2147483647, 'Oeste', NULL, 0, 0, '2023-10-03'),
(25216905, 'Lopez', 'Martin', 'fgilsthorpe1d@ameblo.jp', 1499578257, 'Sur', NULL, 0, 0, '2023-10-03'),
(25239356, 'Lopez', 'Martin', 'browaszkiewiczdm@bbb.org', 2147483647, 'Norte', 'Asma', 0, 1, '2023-10-03'),
(25298193, 'Perez', 'Carlos', 'tortas1s@soundcloud.com', 2147483647, 'Este', 'Hipertencion', 0, 1, '2023-10-06'),
(25438158, 'Gonzalez', 'Jose', 'klammers3g@friendfeed.com', 2147483647, 'Este', NULL, 0, 0, '2023-10-03'),
(25480149, 'Gonzalez', 'Claudio', 'mgaskina7@xinhuanet.com', 2147483647, 'Sur', NULL, 0, 0, '2023-10-03'),
(25489751, 'Gonzalez', 'Julia', 'flafranconio4@1und1.de', 2147483647, 'Este', 'Obesidad', 0, 1, '2023-10-03'),
(25572636, 'Gomez', 'Fernando', 'blimming1n@sphinn.com', 2147483647, 'Sur', 'Asma', 1, 1, '2023-10-03'),
(25750735, 'Gomez', 'Carlos', 'dmalcolm2j@plala.or.jp', 2147483647, 'Oeste', NULL, 1, 0, '2023-10-02'),
(25763954, 'Chazarreta', 'Julia', 'cleneham9a@surveymonkey.com', 2147483647, 'Oeste', NULL, 0, 0, '2023-10-06'),
(25799105, 'Gomez', 'Julia', 'beaves9j@wikispaces.com', 2147483647, 'Oeste', NULL, 1, 0, '2023-10-06'),
(25837438, 'Ramirez', 'Carlos', 'medmondsonj7@is.gd', 2147483647, 'Norte', 'Obesidad', 1, 0, '2023-10-01'),
(25875239, 'Lopez', 'Jose', 'gdanilovic8d@newsvine.com', 2147483647, 'Oeste', NULL, 0, 1, '2023-10-04'),
(25932423, 'Ramirez', 'Julia', 'ggarettat@desdev.cn', 1996950976, 'Oeste', NULL, 1, 1, '2023-10-03'),
(25974862, 'Perez', 'Martin', 'mlovemorejh@nifty.com', 2147483647, 'Este', 'Obesidad', 0, 0, '2023-10-01'),
(26000112, 'Chazarreta', 'Julia', 'swhissell4g@nyu.edu', 2147483647, 'Oeste', NULL, 1, 0, '2023-10-02'),
(26053826, 'Gutierrez', 'Carlos', 'mbroxton5m@topsy.com', 2005977442, 'Sur', 'Obesidad', 1, 1, '2023-10-02'),
(26158929, 'Rodriguez', 'Carlos', 'gmingermw@parallels.com', 2147483647, 'Sur', NULL, 1, 1, '2023-10-06'),
(26163761, 'Gomez', 'Martin', 'bsherville28@list-manage.com', 2147483647, 'Sur', NULL, 1, 1, '2023-10-06'),
(26179561, 'Chazarreta', 'Julia', 'sthroughton86@psu.edu', 2147483647, 'Oeste', 'Hipertencion', 0, 1, '2023-10-05'),
(26277827, 'Gomez', 'Claudio', 'gvandalec6@51.la', 2147483647, 'Oeste', 'Obesidad', 0, 0, '2023-10-05'),
(26331403, 'Rodriguez', 'Fernando', 'phawkshawrj@sourceforge.net', 2147483647, 'Oeste', NULL, 1, 1, '2023-10-05'),
(26378682, 'Chazarreta', 'Roxana', 'dmarquotfx@bloomberg.com', 2147483647, 'Sur', NULL, 0, 0, '2023-10-04'),
(26406044, 'Chazarreta', 'Andrea', 'kyeomand8@hugedomains.com', 2147483647, 'Oeste', 'Diabetes', 1, 1, '2023-10-02'),
(26446603, 'Lopez', 'Claudio', 'bcowlishawbg@vk.com', 2147483647, 'Sur', 'Diabetes', 0, 0, '2023-10-06'),
(26471639, 'Perez', 'Martin', 'rtoffolettodv@eventbrite.com', 2147483647, 'Norte', NULL, 1, 0, '2023-10-06'),
(26640112, 'Rodriguez', 'Claudio', 'jgirardonicx@csmonitor.com', 2147483647, 'Norte', 'Asma', 1, 1, '2023-10-03'),
(26778126, 'Gomez', 'Andrea', 'madey18@indiatimes.com', 2147483647, 'Oeste', NULL, 1, 0, '2023-10-05'),
(26829644, 'Rodriguez', 'Carlos', 'ksawerlz@freewebs.com', 1961125216, 'Sur', NULL, 0, 0, '2023-10-01'),
(26875535, 'Perez', 'Martin', 'jtearlw@icq.com', 2147483647, 'Oeste', NULL, 1, 1, '2023-10-04'),
(26960471, 'Ramirez', 'Andrea', 'clongmanbi@sogou.com', 2147483647, 'Este', NULL, 0, 1, '2023-10-01'),
(27025796, 'Gonzalez', 'Carlos', 'jheersema9q@list-manage.com', 2147483647, 'Norte', 'Hipertencion', 0, 1, '2023-10-06'),
(27086161, 'Rodriguez', 'Andrea', 'spokerbj@bloomberg.com', 2147483647, 'Este', 'Obesidad', 0, 0, '2023-10-01'),
(27093562, 'Ramirez', 'Jose', 'ojoderav@alexa.com', 2147483647, 'Sur', 'Hipertencion', 0, 1, '2023-10-06'),
(27166795, 'Martinez', 'Andrea', 'mbarnish8@ocn.ne.jp', 2147483647, 'Norte', NULL, 0, 0, '2023-10-06'),
(27267900, 'Fernandez', 'Carlos', 'vwoltonpd@sakura.ne.jp', 2147483647, 'Sur', NULL, 0, 0, '2023-10-02'),
(27323158, 'Chazarreta', 'Eliana', 'mjeandillouq9@e-recht24.de', 2147483647, 'Norte', NULL, 0, 1, '2023-10-02'),
(27406817, 'Gutierrez', 'Fernando', 'jcorser3i@wunderground.com', 2147483647, 'Oeste', NULL, 0, 1, '2023-10-04'),
(27453743, 'Rodriguez', 'Martin', 'ybusf7@cpanel.net', 2147483647, 'Norte', NULL, 1, 0, '2023-10-04'),
(27463943, 'Rodriguez', 'Jose', 'tdeakins24@amazon.co.uk', 2147483647, 'Oeste', 'Obesidad', 0, 1, '2023-10-05'),
(27466349, 'Perez', 'Eliana', 'bdelaprelle11@mysql.com', 2147483647, 'Sur', NULL, 0, 0, '2023-10-05'),
(27472346, 'Ramirez', 'Jose', 'fanderergc@amazonaws.com', 2147483647, 'Este', NULL, 0, 1, '2023-10-01'),
(27628228, 'Lopez', 'Jose', 'gliepins13@google.ca', 2147483647, 'Este', NULL, 0, 1, '2023-10-06'),
(27700165, 'Perez', 'Julia', 'knanuccioi4w@infoseek.co.jp', 2147483647, 'Este', NULL, 1, 0, '2023-10-01'),
(27811372, 'Fernandez', 'Julia', 'lankrettbd@hibu.com', 2147483647, 'Sur', NULL, 0, 0, '2023-10-04'),
(27838119, 'Gonzalez', 'Andrea', 'cmcmylorrp@sfgate.com', 1764072588, 'Norte', 'Diabetes', 1, 0, '2023-10-03'),
(27848678, 'Lopez', 'Julia', 'kyates61@deliciousdays.com', 2147483647, 'Sur', NULL, 0, 1, '2023-10-05'),
(27970397, 'Gomez', 'Yanina', 'mgiberdns@youku.com', 2147483647, 'Oeste', NULL, 1, 0, '2023-10-04'),
(27992101, 'Ramirez', 'Martin', 'dhenriqueqy@dailymotion.com', 2147483647, 'Norte', NULL, 1, 1, '2023-10-02'),
(28007798, 'Gomez', 'Roxana', 'jwoofindenkx@chicagotribune.com', 2147483647, 'Este', NULL, 0, 1, '2023-10-06'),
(28040096, 'Chazarreta', 'Roxana', 'nstraine8s@mozilla.org', 2147483647, 'Oeste', 'Hipertencion', 1, 0, '2023-10-03'),
(28122237, 'Fernandez', 'Carlos', 'cyirrellki@reference.com', 2147483647, 'Norte', NULL, 1, 0, '2023-10-06'),
(28123799, 'Gomez', 'Jose', 'cegar1c@woothemes.com', 2147483647, 'Este', 'Obesidad', 0, 1, '2023-10-03'),
(28203601, 'Gonzalez', 'Roxana', 'ldrewet1j@google.com.hk', 2147483647, 'Oeste', NULL, 0, 0, '2023-10-02'),
(28260340, 'Martinez', 'Andrea', 'bdibiagiid@forbes.com', 2147483647, 'Oeste', NULL, 0, 1, '2023-10-01'),
(28261883, 'Rodriguez', 'Yanina', 'ggoftong8@si.edu', 2147483647, 'Este', NULL, 1, 0, '2023-10-04'),
(28474463, 'Chazarreta', 'Eliana', 'sdegogay6p@prweb.com', 2147483647, 'Sur', NULL, 1, 1, '2023-10-06'),
(28528460, 'Martinez', 'Fernando', 'faugiemt@geocities.com', 2147483647, 'Norte', 'Asma', 0, 1, '2023-10-01');
INSERT INTO `ciudadano` (`dni`, `apellido`, `nombre`, `email`, `celular`, `zona`, `patologia`, `ambitoTrabajo`, `deRiesgo`, `FechaInscripcion`) VALUES
(28558439, 'Lopez', 'Julia', 'trubbertsk0@jiathis.com', 2147483647, 'Sur', 'Asma', 1, 0, '2023-10-03'),
(28580778, 'Chazarreta', 'Roxana', 'jbrahmsj3@wsj.com', 2147483647, 'Norte', NULL, 0, 1, '2023-10-03'),
(28609336, 'Gonzalez', 'Yanina', 'hrosewallp0@comsenz.com', 2147483647, 'Sur', NULL, 0, 1, '2023-10-01'),
(28678431, 'Fernandez', 'Fernando', 'mvanyashinkk@csmonitor.com', 2147483647, 'Este', NULL, 1, 1, '2023-10-01'),
(28833459, 'Martinez', 'Julia', 'rbernardini4a@scribd.com', 2147483647, 'Oeste', 'Obesidad', 1, 0, '2023-10-03'),
(28859718, 'Lopez', 'Carlos', 'ctreasure1i@seesaa.net', 1762831818, 'Norte', NULL, 0, 0, '2023-10-03'),
(28960191, 'Rodriguez', 'Fernando', 'mtrimepk@marriott.com', 1699691251, 'Oeste', NULL, 0, 1, '2023-10-02'),
(28976468, 'Perez', 'Andrea', 'lvallis59@wiley.com', 2147483647, 'Este', NULL, 0, 0, '2023-10-06'),
(28989356, 'Gutierrez', 'Jose', 'ebustinp9@geocities.jp', 2147483647, 'Oeste', 'Obesidad', 1, 1, '2023-10-04'),
(29030750, 'Chazarreta', 'Jose', 'nbroydb@cloudflare.com', 2147483647, 'Oeste', NULL, 0, 0, '2023-10-03'),
(29076733, 'Lopez', 'Andrea', 'arentoll9u@disqus.com', 2147483647, 'Norte', NULL, 0, 0, '2023-10-01'),
(29091404, 'Gomez', 'Julia', 'ldynep8@amazon.de', 2147483647, 'Oeste', NULL, 0, 1, '2023-10-06'),
(29106871, 'Fernandez', 'Andrea', 'sbecconsallql@ezinearticles.com', 2147483647, 'Norte', 'Hipertencion', 1, 0, '2023-10-01'),
(29134539, 'Rodriguez', 'Roxana', 'kpirkise7@51.la', 2147483647, 'Norte', NULL, 1, 0, '2023-10-05'),
(29165811, 'Rodriguez', 'Roxana', 'bpellerg0@tumblr.com', 2147483647, 'Este', 'Asma', 1, 0, '2023-10-03'),
(29167756, 'Perez', 'Fernando', 'dketchenb6@census.gov', 2147483647, 'Este', 'Obesidad', 0, 0, '2023-10-05'),
(29323127, 'Rodriguez', 'Fernando', 'nleser3@wunderground.com', 2147483647, 'Norte', NULL, 0, 0, '2023-10-01'),
(29345723, 'Gomez', 'Yanina', 'knoye7m@posterous.com', 2147483647, 'Oeste', NULL, 1, 0, '2023-10-04'),
(29371187, 'Martinez', 'Eliana', 'awallworth7h@nps.gov', 2147483647, 'Norte', 'Diabetes', 0, 1, '2023-10-03'),
(29394239, 'Fernandez', 'Eliana', 'uleys7n@tamu.edu', 2147483647, 'Oeste', 'Obesidad', 1, 1, '2023-10-06'),
(29430011, 'Gonzalez', 'Fernando', 'ndinjes4y@va.gov', 2147483647, 'Este', NULL, 1, 1, '2023-10-01'),
(29482802, 'Perez', 'Jose', 'shousleyrl@ed.gov', 1754482345, 'Oeste', 'Hipertencion', 1, 0, '2023-10-03'),
(29487751, 'Gutierrez', 'Fernando', 'hepinoy8x@mlb.com', 1126067826, 'Este', NULL, 1, 0, '2023-10-05'),
(29638330, 'Fernandez', 'Claudio', 'adefreitasif@exblog.jp', 2147483647, 'Sur', 'Diabetes', 0, 0, '2023-10-06'),
(29674073, 'Gonzalez', 'Andrea', 'vhowsfh@mysql.com', 2147483647, 'Oeste', NULL, 1, 0, '2023-10-05'),
(29723481, 'Rodriguez', 'Martin', 'cocannovanecg@flickr.com', 2147483647, 'Norte', 'Obesidad', 1, 1, '2023-10-06'),
(29762344, 'Gomez', 'Julia', 'lyufe@sfgate.com', 2147483647, 'Este', NULL, 0, 0, '2023-10-01'),
(29778894, 'Fernandez', 'Claudio', 'lamya2@tumblr.com', 2147483647, 'Sur', NULL, 1, 0, '2023-10-03'),
(29805066, 'Gutierrez', 'Fernando', 'aeselerqo@loc.gov', 2147483647, 'Norte', 'Hipertencion', 1, 1, '2023-10-01'),
(29810618, 'Chazarreta', 'Carlos', 'cfieldsendil@networkadvertising.org', 2147483647, 'Sur', NULL, 1, 0, '2023-10-02'),
(29823582, 'Martinez', 'Fernando', 'brastalll5@canalblog.com', 2147483647, 'Sur', NULL, 1, 0, '2023-10-01'),
(30035322, 'Ramirez', 'Fernando', 'sfonzone42@discovery.com', 1473716798, 'Norte', NULL, 1, 1, '2023-10-01'),
(30046881, 'Martinez', 'Julia', 'eroggerf1@mac.com', 2147483647, 'Este', NULL, 0, 1, '2023-10-04'),
(30077759, 'Ramirez', 'Roxana', 'vlemaitree0@rakuten.co.jp', 2147483647, 'Oeste', 'Hipertencion', 0, 1, '2023-10-02'),
(30098418, 'Gutierrez', 'Claudio', 'kgageip@people.com.cn', 2147483647, 'Norte', 'Asma', 1, 1, '2023-10-01'),
(30129669, 'Perez', 'Roxana', 'ostinchcombe54@unblog.fr', 2147483647, 'Oeste', NULL, 1, 0, '2023-10-04'),
(30248598, 'Lopez', 'Fernando', 'mkeersqb@bizjournals.com', 2147483647, 'Oeste', NULL, 0, 1, '2023-10-03'),
(30483528, 'Lopez', 'Carlos', 'blestrange5b@icio.us', 2147483647, 'Sur', NULL, 0, 0, '2023-10-05'),
(30576911, 'Perez', 'Roxana', 'pcranmorq3@chron.com', 2147483647, 'Norte', NULL, 1, 0, '2023-10-01'),
(30606255, 'Martinez', 'Julia', 'sdunderdalegf@weebly.com', 2147483647, 'Sur', NULL, 1, 0, '2023-10-03'),
(30676602, 'Gutierrez', 'Carlos', 'ccausbycd@exblog.jp', 2147483647, 'Sur', NULL, 1, 1, '2023-10-01'),
(30701828, 'Chazarreta', 'Carlos', 'msiddallkz@ted.com', 2147483647, 'Norte', NULL, 1, 0, '2023-10-05'),
(30726804, 'Ramirez', 'Jose', 'gmunkspb@over-blog.com', 2147483647, 'Sur', NULL, 1, 0, '2023-10-01'),
(30734925, 'Martinez', 'Claudio', 'omallalieu1t@shinystat.com', 1774510370, 'Oeste', 'Asma', 0, 1, '2023-10-05'),
(30767349, 'Martinez', 'Jose', 'yklugelaj@theatlantic.com', 2147483647, 'Este', NULL, 1, 0, '2023-10-06'),
(30789301, 'Rodriguez', 'Carlos', 'kgrouvelcz@china.com.cn', 2147483647, 'Oeste', NULL, 0, 0, '2023-10-01'),
(31007752, 'Gomez', 'Martin', 'blarmornj@tamu.edu', 2147483647, 'Oeste', 'Asma', 1, 1, '2023-10-01'),
(31032559, 'Perez', 'Claudio', 'wsmardonnl@elpais.com', 2147483647, 'Sur', 'Diabetes', 1, 0, '2023-10-05'),
(31101756, 'Gutierrez', 'Julia', 'kleggin8j@blogs.com', 1285572770, 'Norte', 'Diabetes', 0, 0, '2023-10-03'),
(31165228, 'Gomez', 'Andrea', 'cblibencb@cpanel.net', 2147483647, 'Norte', NULL, 0, 0, '2023-10-02'),
(31274054, 'Lopez', 'Eliana', 'lascroftepp@1688.com', 2147483647, 'Este', 'Obesidad', 1, 0, '2023-10-02'),
(31358628, 'Gonzalez', 'Eliana', 'epeaseman94@icio.us', 2147483647, 'Sur', NULL, 0, 1, '2023-10-03'),
(31394270, 'Gomez', 'Julia', 'aorkneypn@google.com.hk', 2147483647, 'Sur', 'Obesidad', 0, 0, '2023-10-06'),
(31429176, 'Lopez', 'Martin', 'nickovi7@unc.edu', 2147483647, 'Sur', 'Asma', 1, 1, '2023-10-06'),
(31510499, 'Lopez', 'Fernando', 'mmceniryl8@state.gov', 2147483647, 'Este', 'Hipertencion', 0, 0, '2023-10-04'),
(31558521, 'Rodriguez', 'Carlos', 'tmatous4x@mozilla.org', 2147483647, 'Sur', 'Asma', 0, 0, '2023-10-02'),
(31563107, 'Rodriguez', 'Claudio', 'qhullotir@sbwire.com', 2147483647, 'Sur', NULL, 1, 1, '2023-10-05'),
(31602354, 'Perez', 'Yanina', 'ltomes6q@amazon.co.jp', 2147483647, 'Este', 'Hipertencion', 1, 0, '2023-10-04'),
(31611050, 'Martinez', 'Jose', 'ieylesi8@cbslocal.com', 2147483647, 'Este', NULL, 0, 1, '2023-10-06'),
(31626266, 'Gomez', 'Roxana', 'schalcotdw@jimdo.com', 2147483647, 'Este', 'Hipertencion', 1, 0, '2023-10-03'),
(31666545, 'Rodriguez', 'Martin', 'rdavidoviczcn@springer.com', 2147483647, 'Norte', NULL, 1, 0, '2023-10-03'),
(31679668, 'Gomez', 'Fernando', 'cinwood4h@earthlink.net', 2147483647, 'Este', NULL, 0, 1, '2023-10-04'),
(31697773, 'Gomez', 'Yanina', 'gspikings9s@jigsy.com', 2147483647, 'Este', NULL, 1, 1, '2023-10-02'),
(31775469, 'Gonzalez', 'Roxana', 'bupfold5f@reddit.com', 1924140146, 'Oeste', 'Asma', 1, 0, '2023-10-01'),
(31884863, 'Rodriguez', 'Julia', 'kgarradi0@ftc.gov', 2147483647, 'Oeste', NULL, 1, 1, '2023-10-01'),
(32012640, 'Gonzalez', 'Claudio', 'mcoleirok7@dmoz.org', 1565715664, 'Norte', NULL, 0, 1, '2023-10-01'),
(32033099, 'Ramirez', 'Jose', 'gscholling4v@usa.gov', 2147483647, 'Oeste', NULL, 0, 0, '2023-10-06'),
(32035864, 'Rodriguez', 'Andrea', 'flowndsbroughdc@digg.com', 2147483647, 'Norte', NULL, 0, 1, '2023-10-04'),
(32055844, 'Gomez', 'Andrea', 'kcapenorx@google.it', 2147483647, 'Oeste', 'Asma', 0, 1, '2023-10-06'),
(32223960, 'Martinez', 'Andrea', 'afeatherbydg@phpbb.com', 2147483647, 'Sur', 'Hipertencion', 1, 1, '2023-10-05'),
(32239809, 'Martinez', 'Yanina', 'bblackmanjy@surveymonkey.com', 2147483647, 'Norte', NULL, 1, 0, '2023-10-01'),
(32264469, 'Gomez', 'Martin', 'mlimpkinop@rediff.com', 2147483647, 'Oeste', 'Obesidad', 0, 1, '2023-10-01'),
(32315813, 'Fernandez', 'Jose', 'aswynfenr5@wp.com', 2147483647, 'Este', NULL, 1, 1, '2023-10-05'),
(32414413, 'Lopez', 'Fernando', 'bleitch74@liveinternet.ru', 2147483647, 'Sur', 'Hipertencion', 0, 0, '2023-10-01'),
(32476828, 'Lopez', 'Jose', 'bbatripfa@google.fr', 2147483647, 'Este', NULL, 1, 0, '2023-10-01'),
(32537434, 'Martinez', 'Eliana', 'hmccrostierk@nytimes.com', 2147483647, 'Este', 'Obesidad', 1, 0, '2023-10-06'),
(32562538, 'Gutierrez', 'Julia', 'mgoverne@cam.ac.uk', 2147483647, 'Norte', 'Diabetes', 1, 0, '2023-10-06'),
(32661338, 'Martinez', 'Carlos', 'wcultcheth73@blog.com', 2147483647, 'Sur', NULL, 1, 1, '2023-10-01'),
(32697181, 'Lopez', 'Eliana', 'nfilmer85@imdb.com', 2147483647, 'Oeste', 'Obesidad', 0, 1, '2023-10-06'),
(32708008, 'Gonzalez', 'Julia', 'semerine1k@t-online.de', 2147483647, 'Oeste', NULL, 1, 1, '2023-10-06'),
(32708428, 'Chazarreta', 'Martin', 'wsirkettlm@istockphoto.com', 1749162977, 'Norte', 'Obesidad', 1, 0, '2023-10-02'),
(32732771, 'Gomez', 'Carlos', 'kgilling6w@umn.edu', 2147483647, 'Este', 'Asma', 0, 1, '2023-10-06'),
(32753759, 'Rodriguez', 'Carlos', 'mcuelhj@sogou.com', 2147483647, 'Oeste', 'Obesidad', 0, 0, '2023-10-05'),
(32761539, 'Rodriguez', 'Yanina', 'rglazerqp@webs.com', 2147483647, 'Sur', 'Diabetes', 1, 0, '2023-10-05'),
(32927000, 'Gutierrez', 'Yanina', 'pscimonellim1@list-manage.com', 2147483647, 'Oeste', NULL, 0, 1, '2023-10-02'),
(32989864, 'Rodriguez', 'Eliana', 'ltixall6j@stumbleupon.com', 2147483647, 'Norte', NULL, 0, 0, '2023-10-03'),
(33052394, 'Martinez', 'Eliana', 'arickellmk@hubpages.com', 2147483647, 'Oeste', 'Asma', 1, 0, '2023-10-02'),
(33053849, 'Perez', 'Carlos', 'chesselko@nsw.gov.au', 2088719769, 'Este', NULL, 0, 0, '2023-10-02'),
(33196812, 'Lopez', 'Carlos', 'ederby3t@ox.ac.uk', 2147483647, 'Norte', NULL, 1, 1, '2023-10-01'),
(33315977, 'Lopez', 'Yanina', 'lrustidge4p@edublogs.org', 2141355749, 'Norte', NULL, 0, 1, '2023-10-06'),
(33351803, 'Fernandez', 'Martin', 'egeed9@dell.com', 1785171663, 'Sur', 'Diabetes', 0, 0, '2023-10-05'),
(33385018, 'Lopez', 'Claudio', 'acamberjc@networksolutions.com', 2147483647, 'Este', 'Diabetes', 0, 1, '2023-10-04'),
(33404740, 'Ramirez', 'Jose', 'bjaradlr@fda.gov', 2147483647, 'Oeste', NULL, 0, 0, '2023-10-06'),
(33404742, 'Ramirez', 'Roxana', 'iodoogan45@t-online.de', 2018134592, 'Sur', 'Diabetes', 0, 1, '2023-10-01'),
(33410507, 'Gutierrez', 'Claudio', 'mhatherleyda@biglobe.ne.jp', 1679067061, 'Sur', 'Obesidad', 1, 1, '2023-10-03'),
(33417049, 'Lopez', 'Julia', 'jheadech46@parallels.com', 2147483647, 'Sur', 'Hipertencion', 0, 1, '2023-10-02'),
(33524529, 'Lopez', 'Jose', 'sbrumbye2z@github.io', 2147483647, 'Norte', 'Diabetes', 0, 0, '2023-10-02'),
(33550560, 'Lopez', 'Yanina', 'cbarlese4@bigcartel.com', 2147483647, 'Sur', NULL, 1, 1, '2023-10-04'),
(33594397, 'Fernandez', 'Jose', 'ppalfriep2@addthis.com', 2147483647, 'Sur', 'Asma', 1, 1, '2023-10-01'),
(33657408, 'Ramirez', 'Fernando', 'cjenckeseh@so-net.ne.jp', 2147483647, 'Este', 'Asma', 0, 0, '2023-10-03'),
(33659424, 'Perez', 'Jose', 'ygulyjj@typepad.com', 2147483647, 'Este', NULL, 1, 0, '2023-10-02'),
(33697822, 'Perez', 'Julia', 'lwiddowfield71@myspace.com', 2147483647, 'Este', NULL, 1, 1, '2023-10-04'),
(33727122, 'Gonzalez', 'Andrea', 'jgonthierra@moonfruit.com', 2147483647, 'Norte', 'Diabetes', 0, 1, '2023-10-06'),
(33849961, 'Chazarreta', 'Carlos', 'slanslyey@yellowpages.com', 2147483647, 'Norte', NULL, 1, 0, '2023-10-05'),
(33932861, 'Lopez', 'Andrea', 'gzanneli4q@icio.us', 2147483647, 'Este', NULL, 1, 0, '2023-10-03'),
(34105300, 'Rodriguez', 'Carlos', 'rvaheyo7@360.cn', 2147483647, 'Norte', 'Diabetes', 1, 1, '2023-10-01'),
(34160033, 'Rodriguez', 'Carlos', 'jlaurencotfs@clickbank.net', 2147483647, 'Oeste', 'Obesidad', 1, 0, '2023-10-04'),
(34273962, 'Perez', 'Carlos', 'jdoodneygo@auda.org.au', 2147483647, 'Sur', 'Diabetes', 0, 0, '2023-10-01'),
(34280551, 'Martinez', 'Yanina', 'rletham2u@e-recht24.de', 2147483647, 'Sur', NULL, 1, 0, '2023-10-01'),
(34320248, 'Rodriguez', 'Carlos', 'agomerch@hibu.com', 2147483647, 'Oeste', NULL, 1, 0, '2023-10-05'),
(34336609, 'Gonzalez', 'Claudio', 'nkosbw@wufoo.com', 2147483647, 'Norte', 'Diabetes', 1, 1, '2023-10-05'),
(34444452, 'Ramirez', 'Fernando', 'plawdaycj@foxnews.com', 2147483647, 'Norte', 'Diabetes', 0, 1, '2023-10-05'),
(34525877, 'Ramirez', 'Eliana', 'ccardenosoca@fastcompany.com', 2147483647, 'Sur', NULL, 0, 0, '2023-10-06'),
(34535867, 'Rodriguez', 'Claudio', 'bkorlatis@163.com', 2147483647, 'Oeste', NULL, 1, 1, '2023-10-05'),
(34563097, 'Gutierrez', 'Roxana', 'swreight62@studiopress.com', 2147483647, 'Oeste', 'Obesidad', 0, 1, '2023-10-03'),
(34583595, 'Rodriguez', 'Claudio', 'stripconygs@hao123.com', 2147483647, 'Sur', NULL, 0, 0, '2023-10-06'),
(34687665, 'Perez', 'Andrea', 'mliver34@globo.com', 2147483647, 'Norte', NULL, 1, 0, '2023-10-06'),
(34718211, 'Fernandez', 'Carlos', 'iduckerinm9@cyberchimps.com', 2147483647, 'Sur', 'Asma', 0, 1, '2023-10-06'),
(34780083, 'Rodriguez', 'Eliana', 'cpropper66@comcast.net', 2147483647, 'Norte', 'Hipertencion', 0, 1, '2023-10-01'),
(34932255, 'Ramirez', 'Fernando', 'tfruen6o@statcounter.com', 2147483647, 'Oeste', NULL, 1, 1, '2023-10-01'),
(34961203, 'Chazarreta', 'Fernando', 'amassel6b@ucoz.com', 2147483647, 'Oeste', NULL, 1, 1, '2023-10-02'),
(35150550, 'Chazarreta', 'Fernando', 'wenochnc@wired.com', 2147483647, 'Sur', NULL, 0, 1, '2023-10-05'),
(35244130, 'Rodriguez', 'Claudio', 'tsandbachac@nifty.com', 2147483647, 'Norte', NULL, 1, 0, '2023-10-05'),
(35299495, 'Gutierrez', 'Yanina', 'mtanzerpw@ted.com', 2147483647, 'Sur', 'Diabetes', 0, 0, '2023-10-03'),
(35314549, 'Martinez', 'Roxana', 'hsandyfirth3d@tinyurl.com', 1627712352, 'Sur', 'Obesidad', 0, 1, '2023-10-05'),
(35329697, 'Rodriguez', 'Jose', 'ccastelletti27@shop-pro.jp', 2147483647, 'Norte', 'Asma', 1, 0, '2023-10-02'),
(35398285, 'Gomez', 'Yanina', 'sespinazoo6@earthlink.net', 2147483647, 'Norte', 'Asma', 0, 0, '2023-10-03'),
(35410621, 'Rodriguez', 'Fernando', 'uclevejp@intel.com', 2147483647, 'Este', NULL, 1, 0, '2023-10-01'),
(35435619, 'Gonzalez', 'Claudio', 'jflannigangm@myspace.com', 2147483647, 'Este', 'Diabetes', 1, 1, '2023-10-01'),
(35599729, 'Ramirez', 'Carlos', 'bwardle1r@youtu.be', 2147483647, 'Oeste', NULL, 0, 1, '2023-10-06'),
(35690022, 'Rodriguez', 'Roxana', 'wgerssamn8@webeden.co.uk', 2147483647, 'Oeste', NULL, 1, 0, '2023-10-03'),
(35711528, 'Ramirez', 'Jose', 'jbarstowpg@canalblog.com', 2147483647, 'Norte', NULL, 1, 0, '2023-10-04'),
(35725573, 'Martinez', 'Yanina', 'cgaunterfc@netlog.com', 1169138632, 'Oeste', NULL, 0, 1, '2023-10-05'),
(35764243, 'Fernandez', 'Roxana', 'coscollainp4@domainmarket.com', 2147483647, 'Sur', NULL, 0, 0, '2023-10-05'),
(35825633, 'Gonzalez', 'Eliana', 'aosgarby2e@bloglines.com', 2147483647, 'Oeste', 'Hipertencion', 1, 1, '2023-10-02'),
(35839829, 'Ramirez', 'Carlos', 'gharrowellkl@simplemachines.org', 2147483647, 'Sur', NULL, 0, 0, '2023-10-04'),
(35890718, 'Lopez', 'Roxana', 'aegglesonas@scribd.com', 2147483647, 'Oeste', NULL, 0, 1, '2023-10-05'),
(35947326, 'Lopez', 'Fernando', 'jbrotherheadev@netvibes.com', 2147483647, 'Sur', 'Asma', 1, 1, '2023-10-05'),
(36038644, 'Gutierrez', 'Roxana', 'abocoi@webs.com', 2147483647, 'Oeste', NULL, 1, 1, '2023-10-04'),
(36088565, 'Fernandez', 'Andrea', 'carnaudin5@theguardian.com', 2147483647, 'Oeste', NULL, 1, 0, '2023-10-02'),
(36118158, 'Perez', 'Julia', 'hlotteringtonh2@altervista.org', 2147483647, 'Este', NULL, 1, 1, '2023-10-06'),
(36135655, 'Gonzalez', 'Julia', 'cboarerjv@deliciousdays.com', 2147483647, 'Este', NULL, 1, 1, '2023-10-02'),
(36254876, 'Lopez', 'Eliana', 'ttwelvetreeslf@51.la', 2147483647, 'Este', NULL, 0, 0, '2023-10-05'),
(36371381, 'Lopez', 'Yanina', 'ktant3f@quantcast.com', 2147483647, 'Oeste', NULL, 0, 1, '2023-10-01'),
(36389106, 'Martinez', 'Julia', 'ftuisoncc@mail.ru', 2147483647, 'Sur', NULL, 1, 0, '2023-10-05'),
(36402911, 'Gonzalez', 'Eliana', 'abeldom17@soundcloud.com', 2147483647, 'Oeste', NULL, 1, 0, '2023-10-04'),
(36418649, 'Perez', 'Roxana', 'mrowburyau@myspace.com', 2147483647, 'Sur', NULL, 0, 1, '2023-10-04'),
(36446668, 'Lopez', 'Eliana', 'ecornick5c@yolasite.com', 2147483647, 'Norte', NULL, 0, 1, '2023-10-01'),
(36606331, 'Fernandez', 'Fernando', 'kdockrillde@dailymail.co.uk', 2147483647, 'Norte', NULL, 0, 0, '2023-10-05'),
(36625510, 'Martinez', 'Yanina', 'kbehnincki9@ebay.co.uk', 2147483647, 'Este', 'Hipertencion', 1, 0, '2023-10-04'),
(36645346, 'Lopez', 'Andrea', 'gspeachley3x@cmu.edu', 2147483647, 'Este', NULL, 0, 0, '2023-10-02'),
(36669161, 'Gomez', 'Carlos', 'ggrishuninlo@delicious.com', 2147483647, 'Norte', NULL, 1, 0, '2023-10-01'),
(36868540, 'Chazarreta', 'Carlos', 'wredshaw16@fotki.com', 2147483647, 'Este', NULL, 1, 1, '2023-10-02'),
(36884711, 'Lopez', 'Claudio', 'odemetr96@skyrock.com', 1511406440, 'Este', NULL, 1, 0, '2023-10-06'),
(36957332, 'Gonzalez', 'Carlos', 'jstillwellhq@live.com', 2147483647, 'Sur', 'Hipertencion', 0, 1, '2023-10-02'),
(36965469, 'Martinez', 'Claudio', 'mdonativom7@nbcnews.com', 2147483647, 'Sur', NULL, 1, 1, '2023-10-02'),
(37025108, 'Rodriguez', 'Fernando', 'siczokvitz4r@mapquest.com', 2147483647, 'Norte', 'Obesidad', 0, 0, '2023-10-06'),
(37159146, 'Gonzalez', 'Roxana', 'rwagstaffeb1@yahoo.com', 2147483647, 'Este', NULL, 0, 1, '2023-10-05'),
(37256958, 'Lopez', 'Yanina', 'ahousam6@imgur.com', 2147483647, 'Norte', 'Diabetes', 1, 0, '2023-10-04'),
(37296004, 'Martinez', 'Martin', 'bpigeonbc@webnode.com', 2147483647, 'Norte', 'Diabetes', 0, 1, '2023-10-04'),
(37341959, 'Lopez', 'Jose', 'htrematicke@cnn.com', 2147483647, 'Norte', NULL, 1, 1, '2023-10-05'),
(37342600, 'Gomez', 'Julia', 'dharmstone8c@phoca.cz', 1593946099, 'Norte', 'Diabetes', 0, 0, '2023-10-01'),
(37356092, 'Lopez', 'Claudio', 'ctackettgg@cnn.com', 2147483647, 'Sur', 'Diabetes', 0, 0, '2023-10-03'),
(37437652, 'Lopez', 'Carlos', 'tandreottioa@indiegogo.com', 2147483647, 'Este', 'Diabetes', 0, 1, '2023-10-06'),
(37471336, 'Gomez', 'Andrea', 'iheberib@wikia.com', 2147483647, 'Este', 'Diabetes', 1, 1, '2023-10-02'),
(37525063, 'Rodriguez', 'Julia', 'aironside1e@webnode.com', 2147483647, 'Sur', NULL, 1, 0, '2023-10-06'),
(37686679, 'Gutierrez', 'Eliana', 'wquadrionu@hatena.ne.jp', 2147483647, 'Este', NULL, 1, 0, '2023-10-01'),
(37787429, 'Fernandez', 'Claudio', 'bmelmoth7c@icq.com', 2147483647, 'Este', NULL, 1, 1, '2023-10-06'),
(37925496, 'Fernandez', 'Eliana', 'lsteelsqr@tumblr.com', 2147483647, 'Sur', 'Obesidad', 0, 0, '2023-10-02'),
(38001807, 'Martinez', 'Andrea', 'mmoxhamin@jugem.jp', 2147483647, 'Este', NULL, 1, 1, '2023-10-05'),
(38035144, 'Ramirez', 'Julia', 'ldefrainmo@wikipedia.org', 2147483647, 'Oeste', NULL, 1, 0, '2023-10-04'),
(38080673, 'Perez', 'Yanina', 'jmesshamn0@redcross.org', 2147483647, 'Sur', 'Diabetes', 0, 1, '2023-10-02'),
(38118515, 'Martinez', 'Claudio', 'wbouzekq2@homestead.com', 2147483647, 'Sur', 'Obesidad', 0, 0, '2023-10-03'),
(38127495, 'Perez', 'Carlos', 'mplease2i@google.de', 2147483647, 'Oeste', NULL, 0, 0, '2023-10-06'),
(38177516, 'Ramirez', 'Martin', 'cbaty4o@shareasale.com', 2147483647, 'Sur', 'Obesidad', 1, 0, '2023-10-01'),
(38239580, 'Gomez', 'Eliana', 'tselburnel@miibeian.gov.cn', 2147483647, 'Norte', NULL, 1, 1, '2023-10-03'),
(38267611, 'Gutierrez', 'Yanina', 'rjohnespl@accuweather.com', 2147483647, 'Este', NULL, 0, 0, '2023-10-05'),
(38347753, 'Fernandez', 'Claudio', 'ekhristyukhinl9@plala.or.jp', 2147483647, 'Sur', NULL, 0, 0, '2023-10-05'),
(38350362, 'Lopez', 'Julia', 'shardi5u@rambler.ru', 2147483647, 'Norte', NULL, 0, 0, '2023-10-01'),
(38376732, 'Martinez', 'Fernando', 'ewillertonmq@flavors.me', 2147483647, 'Norte', NULL, 1, 0, '2023-10-06'),
(38381752, 'Lopez', 'Andrea', 'mbigmorep7@bloglovin.com', 2147483647, 'Norte', NULL, 1, 1, '2023-10-01'),
(38484980, 'Gomez', 'Yanina', 'jskymdl@patch.com', 2147483647, 'Este', NULL, 0, 1, '2023-10-02'),
(38797560, 'Gonzalez', 'Carlos', 'mdantonex@techcrunch.com', 2147483647, 'Oeste', 'Hipertencion', 1, 1, '2023-10-01'),
(38812690, 'Perez', 'Fernando', 'msercka6@omniture.com', 2147483647, 'Norte', 'Obesidad', 1, 1, '2023-10-01'),
(38918361, 'Martinez', 'Andrea', 'bnewland9o@wired.com', 2147483647, 'Oeste', NULL, 0, 1, '2023-10-02'),
(38973693, 'Gutierrez', 'Yanina', 'cpipesc8@artisteer.com', 1667391516, 'Este', NULL, 0, 1, '2023-10-02'),
(39049004, 'Gonzalez', 'Roxana', 'nstifen6@mapquest.com', 2147483647, 'Norte', 'Obesidad', 1, 0, '2023-10-02'),
(39079950, 'Fernandez', 'Martin', 'obrahanbl@boston.com', 1535595346, 'Este', NULL, 0, 1, '2023-10-05'),
(39135500, 'Lopez', 'Eliana', 'cgathge@boston.com', 2147483647, 'Este', 'Hipertencion', 1, 0, '2023-10-03'),
(39215189, 'Perez', 'Carlos', 'nlottrington7w@t-online.de', 2147483647, 'Oeste', NULL, 1, 0, '2023-10-01'),
(39304462, 'Gomez', 'Eliana', 'cwallikero@usatoday.com', 2044217964, 'Sur', NULL, 1, 1, '2023-10-01'),
(39376416, 'Martinez', 'Martin', 'apetr9k@umn.edu', 2147483647, 'Norte', NULL, 1, 1, '2023-10-03'),
(39382316, 'Gutierrez', 'Roxana', 'dduffellj9@dyndns.org', 2147483647, 'Sur', 'Obesidad', 0, 0, '2023-10-04'),
(39465075, 'Fernandez', 'Jose', 'kwolfenden6i@list-manage.com', 1896413350, 'Norte', NULL, 1, 1, '2023-10-01'),
(39536466, 'Ramirez', 'Yanina', 'bloosleyln@desdev.cn', 1735766441, 'Norte', 'Asma', 1, 0, '2023-10-04'),
(39553682, 'Gutierrez', 'Yanina', 'cmapham7o@adobe.com', 2147483647, 'Norte', NULL, 1, 0, '2023-10-05'),
(39561075, 'Lopez', 'Roxana', 'asarsonqj@goodreads.com', 2147483647, 'Sur', NULL, 1, 1, '2023-10-04'),
(39620295, 'Chazarreta', 'Yanina', 'charland19@usgs.gov', 2147483647, 'Este', 'Asma', 1, 0, '2023-10-03'),
(39623404, 'Martinez', 'Julia', 'ckneafsey3p@netvibes.com', 2147483647, 'Este', NULL, 1, 1, '2023-10-04'),
(39678086, 'Chazarreta', 'Eliana', 'vinman6v@washingtonpost.com', 2147483647, 'Norte', 'Hipertencion', 1, 0, '2023-10-05'),
(39697155, 'Perez', 'Martin', 'flampkekm@loc.gov', 2147483647, 'Este', NULL, 0, 0, '2023-10-05'),
(39705888, 'Lopez', 'Eliana', 'elevinlb@state.gov', 2147483647, 'Sur', 'Asma', 0, 0, '2023-10-03'),
(39729466, 'Lopez', 'Yanina', 'ihaselupol@vistaprint.com', 2147483647, 'Oeste', NULL, 1, 1, '2023-10-02'),
(39774077, 'Gutierrez', 'Carlos', 'lkeavyoc@technorati.com', 2147483647, 'Este', 'Hipertencion', 1, 1, '2023-10-04'),
(39791250, 'Gomez', 'Roxana', 'abassonp3@xinhuanet.com', 1241571420, 'Norte', NULL, 0, 0, '2023-10-05'),
(39843060, 'Gonzalez', 'Eliana', 'bmcconwayi3@bbc.co.uk', 2147483647, 'Oeste', 'Diabetes', 0, 0, '2023-10-03'),
(39852600, 'Perez', 'Andrea', 'eseviourk8@drupal.org', 2147483647, 'Norte', NULL, 1, 0, '2023-10-04'),
(39896316, 'Gonzalez', 'Eliana', 'ctatfordbh@tripod.com', 2147483647, 'Este', 'Obesidad', 0, 1, '2023-10-04'),
(39898458, 'Lopez', 'Jose', 'bsewarta1@gnu.org', 2147483647, 'Oeste', NULL, 0, 1, '2023-10-05'),
(39972317, 'Lopez', 'Jose', 'vhindsberg6r@shareasale.com', 2147483647, 'Sur', 'Diabetes', 1, 0, '2023-10-06'),
(40040908, 'Gonzalez', 'Andrea', 'vweddeburnscrimgeourrd@businesswire.com', 2147483647, 'Este', NULL, 1, 1, '2023-10-02'),
(40180401, 'Gonzalez', 'Eliana', 'ascollank1@163.com', 1164289456, 'Este', 'Obesidad', 0, 1, '2023-10-01'),
(40210548, 'Fernandez', 'Claudio', 'mabriani63@baidu.com', 2147483647, 'Este', 'Hipertencion', 1, 0, '2023-10-05'),
(40249012, 'Fernandez', 'Fernando', 'stiley2n@tinypic.com', 2147483647, 'Sur', 'Diabetes', 1, 1, '2023-10-04'),
(40271654, 'Lopez', 'Eliana', 'lfilippyevoz@jigsy.com', 2147483647, 'Este', 'Obesidad', 0, 0, '2023-10-05'),
(40401512, 'Rodriguez', 'Fernando', 'bkleynenh3@narod.ru', 2147483647, 'Este', 'Diabetes', 0, 1, '2023-10-01'),
(40413664, 'Gutierrez', 'Martin', 'cfussey9d@mediafire.com', 2147483647, 'Sur', 'Obesidad', 0, 1, '2023-10-05'),
(40450324, 'Gomez', 'Roxana', 'cmcgorleydu@mapquest.com', 2147483647, 'Oeste', NULL, 0, 0, '2023-10-01'),
(40471648, 'Chazarreta', 'Claudio', 'jphillput50@dropbox.com', 1885053825, 'Oeste', NULL, 0, 1, '2023-10-03'),
(40496622, 'Rodriguez', 'Eliana', 'jdowlingqi@alexa.com', 1834261894, 'Sur', NULL, 0, 0, '2023-10-02'),
(40543123, 'Gutierrez', 'Fernando', 'kgoodsalnp@columbia.edu', 2147483647, 'Norte', NULL, 0, 0, '2023-10-02'),
(40620075, 'Rodriguez', 'Fernando', 'mcondelldi@edublogs.org', 2147483647, 'Este', NULL, 0, 0, '2023-10-06'),
(40672672, 'Lopez', 'Eliana', 'tnancekivellmn@indiegogo.com', 2147483647, 'Norte', 'Diabetes', 0, 0, '2023-10-03'),
(40710345, 'Gutierrez', 'Jose', 'tracel2@plala.or.jp', 2147483647, 'Sur', 'Diabetes', 0, 0, '2023-10-01'),
(40755009, 'Fernandez', 'Carlos', 'lgrangera8@comsenz.com', 2147483647, 'Este', 'Hipertencion', 1, 1, '2023-10-06'),
(40872581, 'Rodriguez', 'Julia', 'paggems@unc.edu', 2147483647, 'Oeste', 'Obesidad', 1, 1, '2023-10-05'),
(40917191, 'Gutierrez', 'Julia', 'rwanleym@newyorker.com', 2147483647, 'Oeste', 'Diabetes', 1, 1, '2023-10-03'),
(41048230, 'Gonzalez', 'Fernando', 'missacov8w@hao123.com', 1949930281, 'Este', NULL, 1, 1, '2023-10-01'),
(41187091, 'Perez', 'Roxana', 'kzorzi99@netlog.com', 2147483647, 'Sur', NULL, 1, 1, '2023-10-02'),
(41269409, 'Gutierrez', 'Carlos', 'ucouchegj@about.me', 2147483647, 'Norte', 'Diabetes', 1, 0, '2023-10-05'),
(41317584, 'Gomez', 'Carlos', 'jpulmanef@ibm.com', 2147483647, 'Norte', NULL, 0, 1, '2023-10-01'),
(41393036, 'Gutierrez', 'Carlos', 'taireyg@reddit.com', 2147483647, 'Este', 'Asma', 0, 1, '2023-10-03'),
(41421640, 'Lopez', 'Yanina', 'ngareisr3s@ebay.co.uk', 2147483647, 'Norte', 'Asma', 1, 0, '2023-10-03'),
(41491426, 'Lopez', 'Carlos', 'vcutteridger1@surveymonkey.com', 2147483647, 'Sur', NULL, 0, 0, '2023-10-04'),
(41492958, 'Ramirez', 'Carlos', 'fadamczewskidk@webs.com', 1061827583, 'Sur', NULL, 1, 1, '2023-10-04'),
(41504552, 'Perez', 'Carlos', 'dlingleymy@home.pl', 2147483647, 'Oeste', 'Obesidad', 0, 0, '2023-10-06'),
(41540401, 'Gonzalez', 'Claudio', 'bcamamileih@quantcast.com', 1867220091, 'Oeste', NULL, 0, 0, '2023-10-05'),
(41540837, 'Gomez', 'Jose', 'nconichie1x@chron.com', 1074184805, 'Sur', NULL, 0, 0, '2023-10-06'),
(41720092, 'Gonzalez', 'Fernando', 'ffaytern7@ucoz.com', 2147483647, 'Este', NULL, 0, 0, '2023-10-02'),
(41838070, 'Chazarreta', 'Roxana', 'tantonazzi9m@ucsd.edu', 2147483647, 'Este', 'Obesidad', 1, 1, '2023-10-06'),
(41886452, 'Gomez', 'Yanina', 'ghanckebm@timesonline.co.uk', 2147483647, 'Oeste', 'Asma', 1, 0, '2023-10-02'),
(41965725, 'Gutierrez', 'Andrea', 'lbinsteadle@comcast.net', 1687470518, 'Este', 'Diabetes', 0, 0, '2023-10-01'),
(41991061, 'Perez', 'Martin', 'ljestdo@tmall.com', 2147483647, 'Este', NULL, 1, 0, '2023-10-03'),
(41992546, 'Lopez', 'Jose', 'vdunckley4t@ted.com', 2147483647, 'Sur', NULL, 1, 1, '2023-10-04'),
(42166921, 'Ramirez', 'Martin', 'tdoogjn@360.cn', 2147483647, 'Sur', NULL, 1, 1, '2023-10-01'),
(42195001, 'Martinez', 'Jose', 'mkileyjl@globo.com', 2147483647, 'Oeste', 'Diabetes', 1, 1, '2023-10-05'),
(42233598, 'Fernandez', 'Andrea', 'kkindellbr@amazon.de', 1673886575, 'Oeste', 'Diabetes', 0, 0, '2023-10-05'),
(42233715, 'Martinez', 'Yanina', 'alyddyardbx@webmd.com', 2147483647, 'Sur', 'Obesidad', 1, 1, '2023-10-06'),
(42272280, 'Lopez', 'Fernando', 'rchateaumi@biblegateway.com', 2147483647, 'Oeste', NULL, 0, 1, '2023-10-05'),
(42279920, 'Gomez', 'Fernando', 'vhuggens8n@cmu.edu', 2147483647, 'Norte', NULL, 0, 0, '2023-10-03'),
(42286173, 'Gomez', 'Claudio', 'amatthiusdj@usa.gov', 2147483647, 'Este', 'Obesidad', 0, 1, '2023-10-06'),
(42308332, 'Gutierrez', 'Andrea', 'osheircliffeok@gizmodo.com', 2147483647, 'Oeste', NULL, 1, 1, '2023-10-06'),
(42308686, 'Chazarreta', 'Jose', 'fscrine6x@java.com', 2147483647, 'Sur', NULL, 1, 1, '2023-10-03'),
(42332185, 'Lopez', 'Yanina', 'tnelthroppm@japanpost.jp', 2147483647, 'Norte', 'Obesidad', 1, 0, '2023-10-01'),
(42387205, 'Ramirez', 'Fernando', 'hdemann81@hubpages.com', 1253055477, 'Este', NULL, 0, 0, '2023-10-06'),
(42387250, 'Gutierrez', 'Fernando', 'npurchon4z@google.co.jp', 2147483647, 'Norte', NULL, 1, 1, '2023-10-05'),
(42431864, 'Gutierrez', 'Martin', 'nbullockelk@apple.com', 2147483647, 'Este', NULL, 0, 0, '2023-10-05'),
(42469934, 'Gutierrez', 'Yanina', 'amehaffey90@telegraph.co.uk', 1676823600, 'Este', NULL, 0, 1, '2023-10-05'),
(42488944, 'Ramirez', 'Eliana', 'ctrustey22@smh.com.au', 2147483647, 'Este', 'Obesidad', 0, 0, '2023-10-04'),
(42562555, 'Gonzalez', 'Roxana', 'rvieyra30@freewebs.com', 2147483647, 'Oeste', 'Hipertencion', 1, 1, '2023-10-02'),
(42565204, 'Chazarreta', 'Martin', 'emcdoualml@webeden.co.uk', 2147483647, 'Oeste', 'Diabetes', 1, 1, '2023-10-01'),
(42569162, 'Lopez', 'Jose', 'mhamlettlu@hc360.com', 2147483647, 'Sur', NULL, 1, 0, '2023-10-01'),
(42603233, 'Gonzalez', 'Eliana', 'tbreacherhc@skype.com', 2147483647, 'Norte', NULL, 0, 0, '2023-10-02'),
(42605910, 'Rodriguez', 'Fernando', 'zmquhargaw@irs.gov', 2147483647, 'Sur', NULL, 1, 1, '2023-10-06'),
(42628111, 'Chazarreta', 'Carlos', 'fstandrinl7@seesaa.net', 2147483647, 'Sur', NULL, 1, 1, '2023-10-05'),
(42629837, 'Gutierrez', 'Carlos', 'vblecklyno@bizjournals.com', 2147483647, 'Sur', NULL, 0, 1, '2023-10-04'),
(42638758, 'Martinez', 'Yanina', 'cskipseaz@vkontakte.ru', 2147483647, 'Sur', NULL, 0, 1, '2023-10-05'),
(42651974, 'Martinez', 'Jose', 'ymerrywetherr6@mail.ru', 2147483647, 'Oeste', 'Hipertencion', 0, 1, '2023-10-02'),
(42675953, 'Gutierrez', 'Julia', 'lknewstubks@hp.com', 2147483647, 'Oeste', NULL, 0, 0, '2023-10-06'),
(42693060, 'Rodriguez', 'Martin', 'sbaignardha@goodreads.com', 2147483647, 'Norte', NULL, 1, 0, '2023-10-01'),
(42717294, 'Martinez', 'Yanina', 'ppresswell3j@stanford.edu', 2147483647, 'Oeste', 'Hipertencion', 0, 0, '2023-10-03'),
(42720119, 'Martinez', 'Julia', 'ovampouille3o@photobucket.com', 2147483647, 'Este', NULL, 0, 0, '2023-10-03'),
(42804283, 'Martinez', 'Roxana', 'dbeamanmf@123-reg.co.uk', 2147483647, 'Este', NULL, 1, 0, '2023-10-04'),
(42842178, 'Gutierrez', 'Martin', 'sslatorby@reddit.com', 2147483647, 'Norte', 'Hipertencion', 1, 1, '2023-10-06'),
(42909844, 'Gomez', 'Jose', 'kaggett1h@ihg.com', 2127475508, 'Este', 'Asma', 1, 0, '2023-10-02'),
(42922859, 'Martinez', 'Jose', 'khryniewiczfo@bigcartel.com', 2147483647, 'Este', NULL, 1, 0, '2023-10-02'),
(42929204, 'Rodriguez', 'Roxana', 'drivardy@phpbb.com', 2147483647, 'Norte', NULL, 1, 1, '2023-10-04'),
(42930804, 'Rodriguez', 'Andrea', 'gdanielovitchiq@gizmodo.com', 2147483647, 'Sur', 'Diabetes', 0, 0, '2023-10-05'),
(42983913, 'Martinez', 'Andrea', 'lerett5e@qq.com', 2147483647, 'Sur', NULL, 0, 0, '2023-10-02'),
(43033865, 'Ramirez', 'Yanina', 'slotterington40@eventbrite.com', 2147483647, 'Sur', 'Asma', 1, 1, '2023-10-06'),
(43124404, 'Gomez', 'Claudio', 'wcumberlidge7f@wikispaces.com', 2147483647, 'Oeste', NULL, 1, 0, '2023-10-06'),
(43316018, 'Chazarreta', 'Jose', 'lmitskevich1f@scientificamerican.com', 2147483647, 'Norte', NULL, 0, 0, '2023-10-01'),
(43362936, 'Gomez', 'Martin', 'mbirthem@loc.gov', 2147483647, 'Oeste', NULL, 0, 0, '2023-10-01'),
(43557399, 'Gomez', 'Roxana', 'dsextonkg@microsoft.com', 2147483647, 'Este', 'Asma', 1, 1, '2023-10-02'),
(43583204, 'Ramirez', 'Eliana', 'estrathern69@cocolog-nifty.com', 2147483647, 'Este', 'Diabetes', 0, 0, '2023-10-04'),
(43625069, 'Rodriguez', 'Roxana', 'tknottbo@parallels.com', 2147483647, 'Norte', NULL, 0, 1, '2023-10-05'),
(43683335, 'Martinez', 'Carlos', 'tdewdney9y@php.net', 2147483647, 'Sur', NULL, 0, 0, '2023-10-05'),
(43700351, 'Chazarreta', 'Fernando', 'rdelosd2@comsenz.com', 2147483647, 'Oeste', 'Obesidad', 1, 1, '2023-10-06'),
(43710385, 'Rodriguez', 'Martin', 'fmutlownb@loc.gov', 2147483647, 'Norte', NULL, 1, 0, '2023-10-02'),
(43733121, 'Rodriguez', 'Carlos', 'spenddrethcw@clickbank.net', 1079696945, 'Norte', NULL, 0, 0, '2023-10-06'),
(43783290, 'Gomez', 'Carlos', 'epencottet@angelfire.com', 2147483647, 'Oeste', NULL, 0, 0, '2023-10-02'),
(43797622, 'Rodriguez', 'Carlos', 'acoulthart6y@dot.gov', 2147483647, 'Norte', 'Obesidad', 0, 1, '2023-10-01'),
(43839989, 'Rodriguez', 'Roxana', 'madnen1@usnews.com', 2147483647, 'Sur', NULL, 0, 0, '2023-10-06'),
(43864638, 'Rodriguez', 'Andrea', 'athursfieldlv@360.cn', 1217885837, 'Este', 'Diabetes', 1, 1, '2023-10-03'),
(43939007, 'Gutierrez', 'Andrea', 'smichelottika@dropbox.com', 2147483647, 'Este', NULL, 0, 0, '2023-10-01'),
(44092849, 'Rodriguez', 'Yanina', 'stameli@ocn.ne.jp', 2147483647, 'Este', 'Diabetes', 1, 1, '2023-10-04'),
(44102706, 'Ramirez', 'Martin', 'otorbard25@multiply.com', 1835513281, 'Este', NULL, 0, 1, '2023-10-03'),
(44291039, 'Martinez', 'Yanina', 'amcivercu@friendfeed.com', 1782481735, 'Norte', NULL, 0, 1, '2023-10-01'),
(44335605, 'Gonzalez', 'Julia', 'dalnerpy@youtu.be', 1027371050, 'Este', NULL, 0, 1, '2023-10-05'),
(44335663, 'Martinez', 'Jose', 'jhearneja@joomla.org', 2147483647, 'Este', 'Hipertencion', 0, 1, '2023-10-06'),
(44363137, 'Chazarreta', 'Eliana', 'jmuneely9b@gmpg.org', 2147483647, 'Sur', NULL, 0, 0, '2023-10-04'),
(44377674, 'Perez', 'Andrea', 'srudolfnr@xing.com', 2147483647, 'Sur', NULL, 1, 0, '2023-10-04'),
(44396319, 'Lopez', 'Fernando', 'dworley7q@jalbum.net', 2147483647, 'Sur', NULL, 0, 1, '2023-10-01'),
(44403017, 'Fernandez', 'Eliana', 'ksheerar@privacy.gov.au', 2147483647, 'Sur', 'Obesidad', 1, 1, '2023-10-03'),
(44426047, 'Fernandez', 'Claudio', 'bedmandgl@hao123.com', 2147483647, 'Norte', 'Asma', 1, 1, '2023-10-05'),
(44496644, 'Fernandez', 'Fernando', 'kvanninikr@behance.net', 2147483647, 'Oeste', NULL, 1, 0, '2023-10-05'),
(44521167, 'Rodriguez', 'Carlos', 'plente3e@forbes.com', 2147483647, 'Oeste', 'Obesidad', 0, 1, '2023-10-05'),
(44524009, 'Chazarreta', 'Roxana', 'cviciosohb@howstuffworks.com', 2147483647, 'Oeste', 'Obesidad', 0, 1, '2023-10-01'),
(44802138, 'Fernandez', 'Yanina', 'rwye1v@slashdot.org', 2147483647, 'Sur', NULL, 1, 1, '2023-10-01'),
(44886511, 'Ramirez', 'Martin', 'rbarnfieldnn@miibeian.gov.cn', 2147483647, 'Oeste', NULL, 0, 0, '2023-10-06'),
(45000485, 'Ramirez', 'Claudio', 'afranzettoinia3@wordpress.com', 2147483647, 'Norte', NULL, 1, 0, '2023-10-06'),
(45009091, 'Gonzalez', 'Jose', 'vick7g@apache.org', 2147483647, 'Sur', 'Asma', 0, 0, '2023-10-06'),
(45053994, 'Lopez', 'Roxana', 'nfinnan84@de.vu', 2147483647, 'Este', NULL, 0, 1, '2023-10-06'),
(45104510, 'Rodriguez', 'Eliana', 'jjenneryj5@paginegialle.it', 2147483647, 'Oeste', NULL, 0, 1, '2023-10-06'),
(45132888, 'Chazarreta', 'Julia', 'lbreem5v@forbes.com', 2147483647, 'Sur', NULL, 1, 1, '2023-10-04'),
(45225693, 'Rodriguez', 'Yanina', 'kjolland2b@360.cn', 2147483647, 'Sur', NULL, 0, 0, '2023-10-05'),
(45291502, 'Martinez', 'Roxana', 'iilyaslg@storify.com', 2147483647, 'Norte', NULL, 1, 0, '2023-10-05'),
(45319031, 'Fernandez', 'Carlos', 'atellwright1l@wix.com', 2147483647, 'Norte', NULL, 0, 0, '2023-10-04'),
(45376946, 'Martinez', 'Andrea', 'jcornish43@people.com.cn', 2147483647, 'Oeste', 'Obesidad', 0, 0, '2023-10-06'),
(45402357, 'Perez', 'Roxana', 'swetheraldj2@xinhuanet.com', 2147483647, 'Oeste', NULL, 0, 1, '2023-10-01'),
(45418998, 'Rodriguez', 'Fernando', 'aquillinane8o@macromedia.com', 1389562937, 'Sur', NULL, 1, 1, '2023-10-01'),
(45533811, 'Chazarreta', 'Carlos', 'bpatonen@baidu.com', 2147483647, 'Oeste', NULL, 0, 1, '2023-10-01'),
(45588851, 'Gonzalez', 'Julia', 'pingleson80@delicious.com', 2147483647, 'Este', NULL, 0, 0, '2023-10-01'),
(45617756, 'Martinez', 'Yanina', 'mborges52@archive.org', 2147483647, 'Oeste', 'Asma', 1, 1, '2023-10-06'),
(45618775, 'Gonzalez', 'Yanina', 'chaysham7e@hp.com', 2147483647, 'Sur', 'Hipertencion', 1, 0, '2023-10-04'),
(45638906, 'Rodriguez', 'Yanina', 'sskyramd@upenn.edu', 2147483647, 'Norte', NULL, 1, 0, '2023-10-06'),
(45655159, 'Rodriguez', 'Andrea', 'emacgettigenb4@mtv.com', 2147483647, 'Norte', NULL, 1, 0, '2023-10-01'),
(45710426, 'Perez', 'Carlos', 'rcalcuttie@mediafire.com', 1955184983, 'Este', NULL, 0, 1, '2023-10-04'),
(45781292, 'Perez', 'Jose', 'sblizardmz@miibeian.gov.cn', 2147483647, 'Norte', NULL, 0, 0, '2023-10-02'),
(45840038, 'Martinez', 'Julia', 'snetley2h@g.co', 2047334788, 'Norte', NULL, 1, 1, '2023-10-01'),
(45868102, 'Martinez', 'Roxana', 'twendover47@4shared.com', 2147483647, 'Sur', 'Asma', 0, 0, '2023-10-01'),
(45906856, 'Lopez', 'Eliana', 'bscurrahad@mysql.com', 2147483647, 'Este', NULL, 1, 1, '2023-10-03'),
(45976744, 'Perez', 'Eliana', 'kstredwickbk@biglobe.ne.jp', 2147483647, 'Este', NULL, 1, 1, '2023-10-01'),
(46079795, 'Martinez', 'Jose', 'bbrechinme@discuz.net', 2147483647, 'Este', NULL, 1, 0, '2023-10-06'),
(46169967, 'Gomez', 'Roxana', 'mivantsovob@livejournal.com', 2147483647, 'Este', NULL, 1, 0, '2023-10-05'),
(46292408, 'Gonzalez', 'Yanina', 'wkavanagh6d@upenn.edu', 2147483647, 'Este', NULL, 0, 0, '2023-10-04'),
(46324006, 'Gonzalez', 'Martin', 'ggillmoreor@go.com', 2147483647, 'Sur', NULL, 1, 0, '2023-10-04'),
(46360461, 'Lopez', 'Jose', 'kstanlockhd@bloglines.com', 2147483647, 'Este', NULL, 1, 1, '2023-10-02'),
(46386870, 'Ramirez', 'Carlos', 'sdallonpr@slashdot.org', 2147483647, 'Oeste', 'Asma', 1, 1, '2023-10-02'),
(46427170, 'Fernandez', 'Claudio', 'pfabbro8v@mediafire.com', 2147483647, 'Este', NULL, 1, 1, '2023-10-01'),
(46485349, 'Chazarreta', 'Martin', 'abackshawjk@cnn.com', 2147483647, 'Sur', 'Asma', 1, 0, '2023-10-06'),
(46532347, 'Rodriguez', 'Jose', 'idrongp@bigcartel.com', 2147483647, 'Este', NULL, 0, 0, '2023-10-06'),
(46536258, 'Gutierrez', 'Claudio', 'ktrunkfield91@domainmarket.com', 2147483647, 'Este', NULL, 1, 0, '2023-10-03'),
(46568934, 'Ramirez', 'Yanina', 'sivashintsovp1@census.gov', 2147483647, 'Sur', NULL, 1, 0, '2023-10-05'),
(46583812, 'Perez', 'Yanina', 'elanigan41@mapy.cz', 2147483647, 'Norte', NULL, 1, 0, '2023-10-05'),
(46614234, 'Fernandez', 'Roxana', 'sagge29@blogspot.com', 2147483647, 'Este', 'Asma', 1, 0, '2023-10-02'),
(46618653, 'Martinez', 'Julia', 'fchaimsoncp@earthlink.net', 2147483647, 'Este', NULL, 1, 1, '2023-10-04'),
(46640645, 'Lopez', 'Martin', 'wosgarbycy@ca.gov', 2147483647, 'Sur', NULL, 1, 1, '2023-10-01'),
(46681715, 'Gutierrez', 'Claudio', 'hbathurstmr@zimbio.com', 2147483647, 'Norte', NULL, 0, 0, '2023-10-04'),
(46723553, 'Gonzalez', 'Yanina', 'jjozefiakr9@yolasite.com', 2147483647, 'Oeste', 'Asma', 1, 1, '2023-10-05'),
(46822229, 'Gomez', 'Jose', 'fkeileyg1@unc.edu', 2147483647, 'Sur', 'Diabetes', 1, 0, '2023-10-05'),
(46885018, 'Martinez', 'Claudio', 'ppricketti2@ow.ly', 2147483647, 'Sur', NULL, 0, 1, '2023-10-06'),
(46898795, 'Fernandez', 'Andrea', 'dionn9l@delicious.com', 2147483647, 'Norte', NULL, 1, 1, '2023-10-01'),
(46999108, 'Rodriguez', 'Julia', 'kperfect5x@cbc.ca', 2147483647, 'Este', 'Hipertencion', 1, 0, '2023-10-02'),
(47035696, 'Gomez', 'Roxana', 'cjeannetnt@independent.co.uk', 2147483647, 'Sur', NULL, 1, 0, '2023-10-06'),
(47098150, 'Gomez', 'Julia', 'mgoodacreeg@spiegel.de', 2147483647, 'Norte', 'Obesidad', 1, 1, '2023-10-05'),
(47133894, 'Ramirez', 'Carlos', 'asex4b@apache.org', 2147483647, 'Norte', 'Diabetes', 1, 1, '2023-10-06'),
(47141839, 'Gomez', 'Yanina', 'jslora7z@is.gd', 2147483647, 'Oeste', NULL, 0, 0, '2023-10-04'),
(47188175, 'Rodriguez', 'Roxana', 'ksconesce@vimeo.com', 2147483647, 'Norte', NULL, 1, 0, '2023-10-06'),
(47197485, 'Gonzalez', 'Carlos', 'cbonsalld4@furl.net', 2147483647, 'Norte', 'Obesidad', 0, 0, '2023-10-04'),
(47264164, 'Chazarreta', 'Carlos', 'hborham2s@surveymonkey.com', 2147483647, 'Sur', 'Diabetes', 1, 0, '2023-10-02'),
(47302222, 'Perez', 'Roxana', 'thaggerwood8t@businesswire.com', 2147483647, 'Oeste', 'Asma', 0, 1, '2023-10-01'),
(47315362, 'Perez', 'Eliana', 'kburdass8m@altervista.org', 1947585294, 'Este', NULL, 0, 0, '2023-10-06'),
(47332574, 'Rodriguez', 'Martin', 'syakovitch1g@jigsy.com', 2147483647, 'Oeste', 'Hipertencion', 0, 0, '2023-10-05'),
(47361211, 'Gutierrez', 'Eliana', 'ecatonneqk@cam.ac.uk', 2147483647, 'Este', NULL, 0, 1, '2023-10-03'),
(47373783, 'Perez', 'Julia', 'btesdalegn@ucoz.ru', 2147483647, 'Oeste', NULL, 1, 0, '2023-10-05'),
(47405182, 'Martinez', 'Eliana', 'udranna@dailymotion.com', 2147483647, 'Norte', 'Diabetes', 1, 1, '2023-10-02'),
(47487506, 'Rodriguez', 'Andrea', 'kdunton4d@gov.uk', 2147483647, 'Este', 'Asma', 0, 1, '2023-10-02'),
(47514361, 'Gonzalez', 'Julia', 'jricardonof@buzzfeed.com', 2147483647, 'Oeste', 'Obesidad', 1, 0, '2023-10-03'),
(47533917, 'Fernandez', 'Martin', 'mwalpoleeo@biblegateway.com', 2147483647, 'Este', 'Hipertencion', 1, 1, '2023-10-02'),
(47581808, 'Lopez', 'Carlos', 'dslogrove8u@printfriendly.com', 1876379006, 'Norte', NULL, 0, 1, '2023-10-05'),
(47607370, 'Gomez', 'Julia', 'kalejandre9n@networkadvertising.org', 2147483647, 'Oeste', NULL, 0, 1, '2023-10-02'),
(47612368, 'Lopez', 'Andrea', 'mfealybq@businessweek.com', 2147483647, 'Oeste', 'Asma', 1, 1, '2023-10-02'),
(47625529, 'Rodriguez', 'Claudio', 'kbewsheanm@unesco.org', 2147483647, 'Norte', NULL, 1, 1, '2023-10-03'),
(47760017, 'Gutierrez', 'Andrea', 'chabens8f@xrea.com', 1378128738, 'Norte', 'Diabetes', 1, 1, '2023-10-01'),
(47795340, 'Ramirez', 'Fernando', 'amoulinf0@cafepress.com', 2147483647, 'Norte', 'Asma', 0, 1, '2023-10-01'),
(47804443, 'Chazarreta', 'Julia', 'vpinnigargv@taobao.com', 2147483647, 'Oeste', NULL, 0, 1, '2023-10-02'),
(47812980, 'Gonzalez', 'Eliana', 'dlandsbergc7@google.nl', 1372453768, 'Oeste', NULL, 1, 1, '2023-10-01'),
(47876853, 'Ramirez', 'Roxana', 'ksimonettoot@statcounter.com', 2147483647, 'Oeste', 'Asma', 1, 1, '2023-10-04'),
(47893896, 'Perez', 'Roxana', 'mreamsq7@cargocollective.com', 2147483647, 'Oeste', 'Hipertencion', 1, 0, '2023-10-05'),
(47959619, 'Lopez', 'Roxana', 'ibrosioc1@deliciousdays.com', 1639950421, 'Oeste', NULL, 0, 1, '2023-10-06'),
(48000910, 'Fernandez', 'Carlos', 'aheatleyap@mapquest.com', 2147483647, 'Norte', 'Asma', 1, 0, '2023-10-05'),
(48116464, 'Rodriguez', 'Julia', 'lcrosoern4@techcrunch.com', 2147483647, 'Sur', 'Obesidad', 0, 0, '2023-10-05'),
(48141721, 'Gonzalez', 'Roxana', 'gshallowf6@thetimes.co.uk', 2147483647, 'Norte', NULL, 0, 1, '2023-10-05'),
(48143057, 'Chazarreta', 'Roxana', 'tmclucas4m@nydailynews.com', 2147483647, 'Norte', 'Diabetes', 1, 0, '2023-10-06'),
(48151419, 'Fernandez', 'Jose', 'cwimpeneyfv@admin.ch', 1667448539, 'Sur', NULL, 0, 0, '2023-10-02'),
(48270222, 'Martinez', 'Fernando', 'nklimentyevc2@t.co', 2147483647, 'Sur', 'Hipertencion', 0, 1, '2023-10-02'),
(48296320, 'Fernandez', 'Fernando', 'ggillfillano8@youtube.com', 2147483647, 'Norte', NULL, 0, 0, '2023-10-05'),
(48326227, 'Ramirez', 'Carlos', 'etillertonh9@themeforest.net', 2147483647, 'Norte', 'Hipertencion', 0, 1, '2023-10-04'),
(48407976, 'Fernandez', 'Julia', 'asollis4l@bluehost.com', 2147483647, 'Oeste', NULL, 1, 1, '2023-10-04'),
(48409344, 'Ramirez', 'Yanina', 'bcradickjg@devhub.com', 2147483647, 'Sur', 'Diabetes', 0, 1, '2023-10-01'),
(48413676, 'Gomez', 'Roxana', 'jmeekingk4@nyu.edu', 2147483647, 'Este', NULL, 1, 0, '2023-10-03'),
(48448264, 'Rodriguez', 'Andrea', 'glefeaver33@barnesandnoble.com', 2147483647, 'Este', 'Hipertencion', 1, 1, '2023-10-06'),
(48460051, 'Ramirez', 'Fernando', 'bworssamc5@sbwire.com', 1538928459, 'Norte', NULL, 0, 0, '2023-10-03'),
(48470912, 'Perez', 'Eliana', 'bmassard3m@wsj.com', 2147483647, 'Este', NULL, 0, 0, '2023-10-05'),
(48475723, 'Chazarreta', 'Carlos', 'tdaniauf@digg.com', 2147483647, 'Norte', 'Asma', 0, 0, '2023-10-03'),
(48493245, 'Chazarreta', 'Eliana', 'pledwidgeq1@google.co.uk', 2147483647, 'Oeste', 'Obesidad', 0, 1, '2023-10-06'),
(48494730, 'Gutierrez', 'Roxana', 'jbravingtonc@networkadvertising.org', 2147483647, 'Este', NULL, 0, 0, '2023-10-04'),
(48580981, 'Gonzalez', 'Eliana', 'mmanley2d@twitpic.com', 2147483647, 'Sur', 'Asma', 1, 1, '2023-10-04'),
(48757672, 'Gonzalez', 'Julia', 'lwastelle2@opensource.org', 2147483647, 'Oeste', NULL, 0, 1, '2023-10-06'),
(48775645, 'Rodriguez', 'Eliana', 'vdegouy9f@ftc.gov', 1264143136, 'Oeste', 'Obesidad', 1, 1, '2023-10-04'),
(48801955, 'Martinez', 'Julia', 'cdechastelaingx@ifeng.com', 2147483647, 'Oeste', NULL, 1, 0, '2023-10-05'),
(48816508, 'Martinez', 'Claudio', 'jallamgw@zimbio.com', 2147483647, 'Oeste', NULL, 0, 0, '2023-10-04'),
(48895213, 'Rodriguez', 'Julia', 'mmorrellf8@addtoany.com', 2147483647, 'Sur', NULL, 0, 1, '2023-10-06'),
(49036403, 'Gomez', 'Martin', 'ebayntonl3@psu.edu', 2147483647, 'Oeste', NULL, 1, 1, '2023-10-06'),
(49042949, 'Martinez', 'Martin', 'mollerearnshaw5g@domainmarket.com', 2147483647, 'Oeste', 'Hipertencion', 0, 1, '2023-10-06'),
(49047442, 'Martinez', 'Roxana', 'kgraeberhw@mail.ru', 2147483647, 'Oeste', NULL, 0, 0, '2023-10-05'),
(49083067, 'Gomez', 'Jose', 'lkocher8e@theguardian.com', 2147483647, 'Norte', 'Hipertencion', 0, 0, '2023-10-04'),
(49125478, 'Martinez', 'Roxana', 'slaceybb@google.fr', 2147483647, 'Este', 'Asma', 1, 0, '2023-10-05'),
(49170889, 'Chazarreta', 'Claudio', 'mkarczinskirh@who.int', 2147483647, 'Este', 'Hipertencion', 0, 1, '2023-10-01'),
(49291048, 'Ramirez', 'Fernando', 'cferriby78@furl.net', 2147483647, 'Sur', 'Asma', 0, 0, '2023-10-01'),
(49302754, 'Chazarreta', 'Jose', 'chillburnm2@dropbox.com', 2147483647, 'Este', NULL, 1, 1, '2023-10-04'),
(49372856, 'Gutierrez', 'Eliana', 'odaymentn9@barnesandnoble.com', 2147483647, 'Norte', NULL, 0, 1, '2023-10-01'),
(49380416, 'Rodriguez', 'Fernando', 'ppietzjf@ca.gov', 2147483647, 'Sur', 'Obesidad', 0, 0, '2023-10-01'),
(49408580, 'Fernandez', 'Julia', 'bpitbladdoej@lycos.com', 2147483647, 'Oeste', 'Obesidad', 1, 0, '2023-10-06'),
(49442522, 'Rodriguez', 'Jose', 'aapplefordhp@com.com', 1127214809, 'Norte', NULL, 0, 1, '2023-10-06'),
(49458953, 'Rodriguez', 'Martin', 'lhenner3r@altervista.org', 2147483647, 'Sur', NULL, 1, 1, '2023-10-02'),
(49520279, 'Martinez', 'Andrea', 'twalthoez@redcross.org', 2147483647, 'Sur', NULL, 0, 1, '2023-10-04'),
(49579854, 'Gonzalez', 'Julia', 'obuessenny@salon.com', 2147483647, 'Oeste', NULL, 1, 0, '2023-10-05'),
(49585072, 'Rodriguez', 'Roxana', 'wgoold6c@behance.net', 2144999849, 'Norte', NULL, 0, 0, '2023-10-02'),
(49612022, 'Chazarreta', 'Julia', 'dgaylords@amazon.com', 1189795350, 'Este', NULL, 1, 0, '2023-10-01'),
(49659676, 'Martinez', 'Andrea', 'fboneham2f@bbc.co.uk', 2147483647, 'Sur', NULL, 1, 0, '2023-10-05'),
(49672079, 'Ramirez', 'Martin', 'hhartroppdq@istockphoto.com', 2147483647, 'Sur', NULL, 1, 0, '2023-10-06'),
(49694866, 'Perez', 'Eliana', 'pbindin6t@freewebs.com', 2147483647, 'Este', 'Obesidad', 0, 0, '2023-10-01'),
(49883492, 'Martinez', 'Fernando', 'cwharriero0@moonfruit.com', 2147483647, 'Norte', NULL, 1, 1, '2023-10-06'),
(49893490, 'Gutierrez', 'Fernando', 'lsimoninow@linkedin.com', 2147483647, 'Oeste', 'Asma', 1, 1, '2023-10-05'),
(49893934, 'Rodriguez', 'Eliana', 'nlightonkh@usatoday.com', 2147483647, 'Oeste', NULL, 1, 1, '2023-10-02'),
(49941263, 'Gonzalez', 'Yanina', 'rkennion3l@shinystat.com', 1481296455, 'Sur', NULL, 0, 0, '2023-10-02'),
(49965310, 'Gomez', 'Martin', 'jrawlinsj1@pagesperso-orange.fr', 2147483647, 'Este', NULL, 1, 1, '2023-10-02'),
(49971737, 'Chazarreta', 'Martin', 'wtrimere@usatoday.com', 2147483647, 'Este', 'Hipertencion', 1, 1, '2023-10-05'),
(49975120, 'Martinez', 'Claudio', 'sgarlickepx@ebay.com', 2147483647, 'Oeste', NULL, 0, 1, '2023-10-01'),
(50044186, 'Perez', 'Yanina', 'chainey7s@google.es', 2147483647, 'Sur', NULL, 1, 1, '2023-10-04'),
(50060984, 'Lopez', 'Martin', 'sgrayleyll@vistaprint.com', 2147483647, 'Oeste', 'Hipertencion', 0, 1, '2023-10-01'),
(50070500, 'Chazarreta', 'Eliana', 'cpestordz@rakuten.co.jp', 2147483647, 'Norte', NULL, 0, 0, '2023-10-03'),
(50140954, 'Ramirez', 'Martin', 'pmillgate72@storify.com', 2147483647, 'Sur', NULL, 1, 0, '2023-10-06'),
(50241820, 'Gutierrez', 'Julia', 'rgoscar68@walmart.com', 2147483647, 'Sur', 'Hipertencion', 0, 0, '2023-10-02'),
(50253417, 'Gonzalez', 'Martin', 'rdrain48@de.vu', 1166469733, 'Oeste', 'Asma', 0, 0, '2023-10-06'),
(50276146, 'Chazarreta', 'Carlos', 'hyanson14@smugmug.com', 2147483647, 'Este', NULL, 0, 1, '2023-10-02'),
(50300375, 'Lopez', 'Jose', 'jdunnanak@barnesandnoble.com', 2147483647, 'Oeste', 'Asma', 1, 1, '2023-10-03'),
(50312008, 'Gutierrez', 'Andrea', 'espens7v@blogspot.com', 2147483647, 'Sur', NULL, 0, 0, '2023-10-01'),
(50334372, 'Gomez', 'Claudio', 'mparmiter1w@freewebs.com', 2147483647, 'Sur', NULL, 1, 0, '2023-10-01'),
(50340994, 'Rodriguez', 'Julia', 'hcoughlinba@tmall.com', 2147483647, 'Sur', 'Diabetes', 1, 0, '2023-10-03'),
(50447842, 'Martinez', 'Fernando', 'mphythianpz@marriott.com', 2147483647, 'Sur', NULL, 1, 0, '2023-10-05'),
(50533394, 'Fernandez', 'Martin', 'ibettaneyh7@mapquest.com', 1761317803, 'Norte', NULL, 1, 1, '2023-10-01'),
(50536459, 'Ramirez', 'Jose', 'uwindmillrm@prnewswire.com', 2147483647, 'Este', 'Asma', 1, 0, '2023-10-01'),
(50536712, 'Gomez', 'Fernando', 'bcrallanlj@themeforest.net', 1911360882, 'Oeste', NULL, 0, 1, '2023-10-03'),
(50561339, 'Chazarreta', 'Martin', 'rmcarte0@51.la', 2147483647, 'Oeste', NULL, 1, 0, '2023-10-04'),
(50572550, 'Fernandez', 'Roxana', 'jdavidescuct@china.com.cn', 2147483647, 'Oeste', 'Obesidad', 1, 1, '2023-10-04'),
(50632601, 'Gomez', 'Yanina', 'ggodthaab2r@statcounter.com', 2147483647, 'Sur', NULL, 1, 1, '2023-10-04'),
(50681694, 'Ramirez', 'Carlos', 'cpegdenf5@sitemeter.com', 2147483647, 'Norte', 'Hipertencion', 0, 0, '2023-10-01'),
(50725633, 'Lopez', 'Eliana', 'ppeirson93@gmpg.org', 1192672432, 'Oeste', NULL, 0, 0, '2023-10-04'),
(50817283, 'Martinez', 'Martin', 'qcarlone5@blog.com', 2147483647, 'Norte', NULL, 0, 1, '2023-10-03'),
(50894197, 'Rodriguez', 'Jose', 'jlamploughb5@home.pl', 2147483647, 'Oeste', 'Obesidad', 1, 0, '2023-10-03'),
(50929118, 'Fernandez', 'Fernando', 'cseifertmm@comcast.net', 2147483647, 'Norte', 'Hipertencion', 1, 1, '2023-10-03'),
(51030200, 'Gutierrez', 'Julia', 'rwoolleyng@devhub.com', 2147483647, 'Norte', NULL, 1, 1, '2023-10-01'),
(51058940, 'Gomez', 'Eliana', 'omavingnw@goo.gl', 2147483647, 'Oeste', NULL, 1, 0, '2023-10-01'),
(51066190, 'Gutierrez', 'Carlos', 'apinxtonep@dmoz.org', 2147483647, 'Este', NULL, 0, 0, '2023-10-05'),
(51105254, 'Martinez', 'Jose', 'cpigdona@yellowbook.com', 2147483647, 'Oeste', 'Diabetes', 1, 1, '2023-10-02'),
(51138716, 'Chazarreta', 'Fernando', 'ikniftonab@wordpress.org', 2147483647, 'Sur', 'Hipertencion', 0, 0, '2023-10-05'),
(51190825, 'Gomez', 'Eliana', 'pkenrydmv@blogs.com', 2147483647, 'Sur', NULL, 1, 0, '2023-10-04'),
(51288627, 'Gutierrez', 'Fernando', 'ctheuffju@dmoz.org', 2147483647, 'Oeste', NULL, 1, 1, '2023-10-02'),
(51293730, 'Lopez', 'Yanina', 'jpretopi@myspace.com', 2147483647, 'Oeste', NULL, 1, 1, '2023-10-02'),
(51340686, 'Chazarreta', 'Jose', 'gnuttall3w@networkadvertising.org', 2147483647, 'Sur', 'Diabetes', 1, 1, '2023-10-01'),
(51471600, 'Gonzalez', 'Eliana', 'jnorhenyh@dailymail.co.uk', 2147483647, 'Sur', NULL, 0, 1, '2023-10-03'),
(51554247, 'Gutierrez', 'Andrea', 'vcorishfr@stanford.edu', 2147483647, 'Este', 'Hipertencion', 1, 1, '2023-10-05'),
(51557520, 'Ramirez', 'Carlos', 'ssevernmg@wsj.com', 2147483647, 'Norte', 'Asma', 0, 0, '2023-10-01'),
(51561378, 'Gonzalez', 'Jose', 'amctiernankp@java.com', 2147483647, 'Sur', 'Asma', 1, 0, '2023-10-02'),
(51586473, 'Perez', 'Martin', 'vtrelease4s@1688.com', 2147483647, 'Norte', 'Asma', 1, 0, '2023-10-02'),
(51697441, 'Gutierrez', 'Andrea', 'fducketthk@e-recht24.de', 2147483647, 'Este', NULL, 1, 1, '2023-10-03'),
(51706448, 'Fernandez', 'Eliana', 'bburetnd@facebook.com', 2147483647, 'Norte', NULL, 0, 0, '2023-10-04');
INSERT INTO `ciudadano` (`dni`, `apellido`, `nombre`, `email`, `celular`, `zona`, `patologia`, `ambitoTrabajo`, `deRiesgo`, `FechaInscripcion`) VALUES
(51776504, 'Chazarreta', 'Roxana', 'ldemcak9z@printfriendly.com', 1912198551, 'Norte', NULL, 0, 0, '2023-10-03'),
(51782418, 'Martinez', 'Claudio', 'cweedalls@time.com', 1751219067, 'Sur', 'Hipertencion', 1, 1, '2023-10-04'),
(51825656, 'Fernandez', 'Fernando', 'vstruijskw@constantcontact.com', 2147483647, 'Sur', 'Obesidad', 1, 0, '2023-10-04'),
(51884058, 'Fernandez', 'Yanina', 'klebourn6f@cbsnews.com', 2147483647, 'Sur', 'Asma', 1, 0, '2023-10-02'),
(51900229, 'Lopez', 'Roxana', 'wnorfolkni@msu.edu', 2147483647, 'Este', NULL, 1, 0, '2023-10-05'),
(51989582, 'Fernandez', 'Yanina', 'zfieldsendov@wisc.edu', 2147483647, 'Oeste', 'Obesidad', 0, 0, '2023-10-04'),
(51992585, 'Martinez', 'Jose', 'nhadlandmd@imageshack.us', 2147483647, 'Este', 'Diabetes', 1, 0, '2023-10-02'),
(52017134, 'Fernandez', 'Andrea', 'rbirtspc@nytimes.com', 1323674123, 'Sur', NULL, 0, 0, '2023-10-04'),
(52106022, 'Martinez', 'Yanina', 'lrihosekdy@livejournal.com', 2147483647, 'Sur', 'Diabetes', 0, 1, '2023-10-05'),
(52190170, 'Gutierrez', 'Claudio', 'mnaptonmh@cam.ac.uk', 2147483647, 'Sur', 'Diabetes', 0, 1, '2023-10-01'),
(52416990, 'Perez', 'Carlos', 'nskunesfb@163.com', 2147483647, 'Oeste', NULL, 1, 1, '2023-10-04'),
(52427074, 'Martinez', 'Julia', 'tlambart2w@amazon.co.uk', 2147483647, 'Oeste', NULL, 0, 0, '2023-10-04'),
(52556125, 'Martinez', 'Claudio', 'rfrenscheg6@parallels.com', 2147483647, 'Este', 'Hipertencion', 0, 1, '2023-10-06'),
(52614565, 'Gonzalez', 'Carlos', 'sgaymerlc@illinois.edu', 2147483647, 'Norte', NULL, 0, 1, '2023-10-03'),
(52652497, 'Gonzalez', 'Fernando', 'waskemjo@dropbox.com', 2147483647, 'Norte', NULL, 1, 0, '2023-10-02'),
(52684872, 'Gonzalez', 'Jose', 'gvarrendf@washingtonpost.com', 2147483647, 'Oeste', 'Diabetes', 1, 0, '2023-10-01'),
(52705039, 'Lopez', 'Eliana', 'pbaszniakqa@independent.co.uk', 2147483647, 'Sur', 'Obesidad', 1, 1, '2023-10-06'),
(52728374, 'Gomez', 'Fernando', 'cgrahlmansci@fema.gov', 2147483647, 'Sur', NULL, 0, 1, '2023-10-05'),
(52737287, 'Perez', 'Martin', 'slashmarl@mac.com', 2147483647, 'Sur', NULL, 0, 1, '2023-10-03'),
(52742627, 'Fernandez', 'Julia', 'mjardinequ@mapy.cz', 2147483647, 'Norte', 'Asma', 1, 1, '2023-10-06'),
(52854322, 'Gomez', 'Jose', 'dullocknz@google.de', 2147483647, 'Este', 'Hipertencion', 1, 1, '2023-10-04'),
(52855093, 'Gonzalez', 'Jose', 'sbennike9x@gravatar.com', 2147483647, 'Sur', NULL, 0, 0, '2023-10-06'),
(52856644, 'Ramirez', 'Roxana', 'awharramfq@soup.io', 2147483647, 'Norte', NULL, 0, 0, '2023-10-04'),
(52977177, 'Chazarreta', 'Fernando', 'jgurysoj@mapquest.com', 2147483647, 'Oeste', NULL, 0, 0, '2023-10-06'),
(53064815, 'Ramirez', 'Claudio', 'gcoultas12@tuttocitta.it', 2147483647, 'Oeste', 'Asma', 0, 1, '2023-10-05'),
(53179319, 'Chazarreta', 'Fernando', 'mraden4@tripod.com', 2147483647, 'Norte', 'Diabetes', 1, 0, '2023-10-04'),
(53294526, 'Gonzalez', 'Jose', 'flenormandk9@intel.com', 2147483647, 'Sur', NULL, 1, 1, '2023-10-05'),
(53350820, 'Lopez', 'Claudio', 'dthorndaleoh@discovery.com', 2147483647, 'Este', 'Obesidad', 1, 0, '2023-10-05'),
(53379736, 'Martinez', 'Eliana', 'fcrohan5j@boston.com', 1004603064, 'Oeste', NULL, 1, 1, '2023-10-05'),
(53496606, 'Martinez', 'Claudio', 'rbushelllt@apple.com', 1925806171, 'Oeste', 'Diabetes', 1, 1, '2023-10-03'),
(53610941, 'Gutierrez', 'Eliana', 'jmichelinpq@squarespace.com', 2147483647, 'Este', NULL, 1, 0, '2023-10-04'),
(53651505, 'Gomez', 'Jose', 'apiesoldld@w3.org', 2147483647, 'Oeste', NULL, 0, 1, '2023-10-04'),
(53691105, 'Rodriguez', 'Carlos', 'lstonebanksqg@google.co.uk', 2147483647, 'Norte', NULL, 1, 1, '2023-10-04'),
(53697539, 'Lopez', 'Andrea', 'ppayei@independent.co.uk', 2147483647, 'Norte', NULL, 1, 0, '2023-10-02'),
(53707703, 'Rodriguez', 'Claudio', 'dhaselgrove44@microsoft.com', 2147483647, 'Oeste', NULL, 0, 1, '2023-10-06'),
(53897180, 'Gutierrez', 'Fernando', 'bkordthg@google.fr', 1924386458, 'Oeste', NULL, 1, 0, '2023-10-02'),
(53924279, 'Gutierrez', 'Eliana', 'ahanscombeo9@patch.com', 2147483647, 'Este', NULL, 0, 0, '2023-10-05'),
(53945707, 'Gomez', 'Fernando', 'tolivasc4@indiatimes.com', 2147483647, 'Este', NULL, 1, 0, '2023-10-06'),
(54073657, 'Chazarreta', 'Julia', 'sgroomf3@nbcnews.com', 2147483647, 'Este', NULL, 1, 0, '2023-10-06'),
(54087357, 'Rodriguez', 'Roxana', 'wrannsrq@mapy.cz', 2147483647, 'Este', 'Hipertencion', 0, 1, '2023-10-06'),
(54098361, 'Chazarreta', 'Jose', 'ccant76@wikispaces.com', 2147483647, 'Este', 'Diabetes', 0, 0, '2023-10-02'),
(54102305, 'Ramirez', 'Fernando', 'aghilardinigh@ameblo.jp', 2147483647, 'Sur', 'Obesidad', 1, 1, '2023-10-05'),
(54117173, 'Fernandez', 'Fernando', 'anollethjr@intel.com', 2147483647, 'Sur', 'Diabetes', 0, 1, '2023-10-03'),
(54169736, 'Perez', 'Fernando', 'abraunerpj@phoca.cz', 1917000522, 'Sur', 'Obesidad', 0, 0, '2023-10-04'),
(54219440, 'Gomez', 'Roxana', 'cadamskyi4@independent.co.uk', 2147483647, 'Este', NULL, 1, 1, '2023-10-01'),
(54317441, 'Fernandez', 'Martin', 'kogglebiefp@sphinn.com', 2147483647, 'Sur', NULL, 1, 0, '2023-10-03'),
(54361730, 'Ramirez', 'Carlos', 'ragass3q@360.cn', 2147483647, 'Norte', NULL, 1, 0, '2023-10-06'),
(54381543, 'Gonzalez', 'Julia', 'dyanez3a@auda.org.au', 2147483647, 'Norte', NULL, 0, 1, '2023-10-04'),
(54391865, 'Gonzalez', 'Eliana', 'steanbym5@census.gov', 2147483647, 'Oeste', 'Obesidad', 0, 0, '2023-10-04'),
(54419100, 'Rodriguez', 'Eliana', 'ccuffleyfu@reference.com', 1806643942, 'Norte', 'Obesidad', 0, 0, '2023-10-02'),
(54446877, 'Gonzalez', 'Martin', 'nblanquel6@house.gov', 2147483647, 'Sur', NULL, 0, 0, '2023-10-03'),
(54622176, 'Gutierrez', 'Fernando', 'jlees8y@skype.com', 2147483647, 'Este', NULL, 1, 1, '2023-10-02'),
(54680901, 'Gutierrez', 'Roxana', 'thartridgehv@geocities.com', 2147483647, 'Norte', 'Diabetes', 1, 1, '2023-10-01'),
(54741135, 'Gutierrez', 'Martin', 'mrobertotb8@deviantart.com', 2147483647, 'Oeste', NULL, 1, 1, '2023-10-06'),
(54844551, 'Fernandez', 'Fernando', 'jkikkebn@people.com.cn', 2147483647, 'Este', 'Obesidad', 1, 1, '2023-10-05'),
(54865059, 'Gonzalez', 'Roxana', 'fpictonku@chron.com', 2147483647, 'Oeste', 'Asma', 0, 1, '2023-10-04'),
(54904868, 'Perez', 'Roxana', 'lmarre60@webeden.co.uk', 2147483647, 'Este', 'Diabetes', 0, 0, '2023-10-02'),
(54910190, 'Chazarreta', 'Eliana', 'lkiddleqd@google.de', 2147483647, 'Este', NULL, 1, 1, '2023-10-01'),
(54959176, 'Ramirez', 'Julia', 'aperritt49@comsenz.com', 2147483647, 'Norte', 'Asma', 0, 1, '2023-10-01');

-- --------------------------------------------------------

--
-- Estructura de tabla para la tabla `laboratorio`
--

CREATE TABLE `laboratorio` (
  `cuit` bigint(20) NOT NULL,
  `nombreLaboratorio` varchar(25) NOT NULL,
  `pais` varchar(30) NOT NULL,
  `domComercial` varchar(50) NOT NULL
) ENGINE=InnoDB DEFAULT CHARSET=utf8mb4 COLLATE=utf8mb4_general_ci;

--
-- Volcado de datos para la tabla `laboratorio`
--

INSERT INTO `laboratorio` (`cuit`, `nombreLaboratorio`, `pais`, `domComercial`) VALUES
(30500772324, 'Astra Zéneca S.A.', 'Inglaterra', 'Calle Puerto De Somport 21 23. 28050, Madrid'),
(30501152826, 'Laboratorios Richmond S.A', 'Rusia', 'Av. Elcano 4938'),
(30503518518, 'PFIZER S.R.L', 'Estados Unidos', 'Calle Carlos Berg 3669'),
(30598129246, 'Janssen Cilag Farmacéutic', 'Estados Unidos', 'Mendoza 1259');

-- --------------------------------------------------------

--
-- Estructura de tabla para la tabla `login`
--

CREATE TABLE `login` (
  `id` int(11) NOT NULL,
  `dni` int(11) NOT NULL,
  `pass` varchar(20) NOT NULL
) ENGINE=InnoDB DEFAULT CHARSET=utf8mb4 COLLATE=utf8mb4_general_ci;

-- --------------------------------------------------------

--
-- Estructura de tabla para la tabla `vacuna`
--

CREATE TABLE `vacuna` (
  `lote` int(11) NOT NULL,
  `cuit` bigint(20) NOT NULL,
  `marca` varchar(30) NOT NULL,
  `medida` double NOT NULL,
  `fechaCaduca` date NOT NULL,
  `stock` int(11) NOT NULL
) ENGINE=InnoDB DEFAULT CHARSET=utf8mb4 COLLATE=utf8mb4_general_ci;

--
-- Volcado de datos para la tabla `vacuna`
--

INSERT INTO `vacuna` (`lote`, `cuit`, `marca`, `medida`, `fechaCaduca`, `stock`) VALUES
(1, 30500772324, 'Comirnaty', 0.3, '2023-12-31', -10),
(2, 30501152826, 'Spikevax', 0.3, '2023-12-31', 800),
(3, 30503518518, 'Vaxzevria', 0.3, '2023-12-31', 1173),
(4, 30598129246, 'Janssen COVID-19 Vaccine', 0.3, '2023-12-31', 600),
(5, 30500772324, 'Comirnaty', 0.5, '2023-12-31', 1000),
(6, 30501152826, 'Spikevax', 0.5, '2023-12-31', 800),
(7, 30503518518, 'Vaxzevria', 0.5, '2023-12-31', 1200),
(8, 30598129246, 'Janssen COVID-19 Vaccine', 0.5, '2023-12-31', 600),
(9, 30500772324, 'Comirnaty', 0.9, '2023-12-31', 1000),
(10, 30501152826, 'Spikevax', 0.9, '2023-12-31', 800),
(11, 30503518518, 'Vaxzevria', 0.9, '2023-12-31', 1200),
(12, 30598129246, 'Janssen COVID-19 Vaccine', 0.9, '2023-12-31', 600);

--
-- Índices para tablas volcadas
--

--
-- Indices de la tabla `centro`
--
ALTER TABLE `centro`
  ADD PRIMARY KEY (`id_centro`),
  ADD UNIQUE KEY `direccion` (`direccion`);

--
-- Indices de la tabla `citavacunacion`
--
ALTER TABLE `citavacunacion`
  ADD PRIMARY KEY (`codCita`),
  ADD KEY `dni` (`dni`),
  ADD KEY `id_centro` (`id_centro`),
  ADD KEY `lote` (`lote`);

--
-- Indices de la tabla `ciudadano`
--
ALTER TABLE `ciudadano`
  ADD PRIMARY KEY (`dni`);

--
-- Indices de la tabla `laboratorio`
--
ALTER TABLE `laboratorio`
  ADD PRIMARY KEY (`cuit`);

--
-- Indices de la tabla `login`
--
ALTER TABLE `login`
  ADD PRIMARY KEY (`id`),
  ADD KEY `dni` (`dni`);

--
-- Indices de la tabla `vacuna`
--
ALTER TABLE `vacuna`
  ADD PRIMARY KEY (`lote`),
  ADD KEY `cuit` (`cuit`);

--
-- AUTO_INCREMENT de las tablas volcadas
--

--
-- AUTO_INCREMENT de la tabla `centro`
--
ALTER TABLE `centro`
  MODIFY `id_centro` int(11) NOT NULL AUTO_INCREMENT, AUTO_INCREMENT=33;

--
-- AUTO_INCREMENT de la tabla `citavacunacion`
--
ALTER TABLE `citavacunacion`
  MODIFY `codCita` int(11) NOT NULL AUTO_INCREMENT, AUTO_INCREMENT=934;

--
-- AUTO_INCREMENT de la tabla `login`
--
ALTER TABLE `login`
  MODIFY `id` int(11) NOT NULL AUTO_INCREMENT;

--
-- Restricciones para tablas volcadas
--

--
-- Filtros para la tabla `citavacunacion`
--
ALTER TABLE `citavacunacion`
  ADD CONSTRAINT `citavacunacion_ibfk_1` FOREIGN KEY (`dni`) REFERENCES `ciudadano` (`dni`),
  ADD CONSTRAINT `citavacunacion_ibfk_3` FOREIGN KEY (`id_centro`) REFERENCES `centro` (`id_centro`),
  ADD CONSTRAINT `citavacunacion_ibfk_4` FOREIGN KEY (`lote`) REFERENCES `vacuna` (`lote`);

--
-- Filtros para la tabla `login`
--
ALTER TABLE `login`
  ADD CONSTRAINT `login_ibfk_1` FOREIGN KEY (`dni`) REFERENCES `ciudadano` (`dni`);

--
-- Filtros para la tabla `vacuna`
--
ALTER TABLE `vacuna`
  ADD CONSTRAINT `vacuna_ibfk_1` FOREIGN KEY (`cuit`) REFERENCES `laboratorio` (`cuit`);
COMMIT;

/*!40101 SET CHARACTER_SET_CLIENT=@OLD_CHARACTER_SET_CLIENT */;
/*!40101 SET CHARACTER_SET_RESULTS=@OLD_CHARACTER_SET_RESULTS */;
/*!40101 SET COLLATION_CONNECTION=@OLD_COLLATION_CONNECTION */;
