-- phpMyAdmin SQL Dump
-- version 5.2.1
-- https://www.phpmyadmin.net/
--
-- Servidor: 127.0.0.1
-- Tiempo de generación: 18-10-2023 a las 02:32:42
-- Versión del servidor: 10.4.28-MariaDB
-- Versión de PHP: 8.2.4

SET SQL_MODE = "NO_AUTO_VALUE_ON_ZERO";
START TRANSACTION;
SET time_zone = "+00:00";


/*!40101 SET @OLD_CHARACTER_SET_CLIENT=@@CHARACTER_SET_CLIENT */;
/*!40101 SET @OLD_CHARACTER_SET_RESULTS=@@CHARACTER_SET_RESULTS */;
/*!40101 SET @OLD_COLLATION_CONNECTION=@@COLLATION_CONNECTION */;
/*!40101 SET NAMES utf8mb4 */;

--
-- Base de datos: `vacunacion-g9`
--
CREATE DATABASE IF NOT EXISTS `vacunacion-g9` DEFAULT CHARACTER SET utf8mb4 COLLATE utf8mb4_general_ci;
USE `vacunacion-g9`;

-- --------------------------------------------------------

--
-- Estructura de tabla para la tabla `centro`
--

CREATE TABLE `centro` (
  `id_centro` int(11) NOT NULL,
  `nombre` varchar(100) NOT NULL,
  `direccion` varchar(100) NOT NULL,
  `telefono` int(11) NOT NULL,
  `zona` varchar(50) NOT NULL,
  `activo` tinyint(1) DEFAULT NULL
) ENGINE=InnoDB DEFAULT CHARSET=utf8mb4 COLLATE=utf8mb4_general_ci;

--
-- Volcado de datos para la tabla `centro`
--

INSERT INTO `centro` (`id_centro`, `nombre`, `direccion`, `telefono`, `zona`, `activo`) VALUES
(19, 'Hospital San Juan', 'Calle Principal 123', 1234567890, 'Norte', 1),
(20, 'Hospital Santa María', 'Avenida Central 456', 2147483647, 'Norte', 1),
(21, 'Hospital Santo Tomás', 'Calle Norte 789', 2147483647, 'Sur', 1),
(22, 'Hospital San Pedro', 'Avenida Sur 123', 2147483647, 'Sur', 0),
(23, 'Hospital Santa Clara', 'Calle Sur 456a', 2147483647, 'Sur', 1),
(24, 'Hospital Santo Domingo', 'Avenida Este 123', 2147483647, 'Este', 1),
(25, 'Hospital San Antonio', 'Calle Este 456', 2147483647, 'Este', 1),
(26, 'Hospital San Francisco', 'Avenida Oeste 123', 123456789, 'Oeste', 1),
(27, 'Hospital Santa Rosa', 'Calle Oeste 456', 1112223333, 'Oeste', 1),
(28, 'Hospital San Martín', 'Avenida Principal 789', 2147483647, 'Norte', 0),
(29, 'Hospital Santa Isabel', 'Calle Principal 567', 2147483647, 'Este', 0),
(30, 'Hospital Santo Domingo', 'Avenida Central 789', 2147483647, 'Oeste', 1),
(31, 'Centro de distribucion', '742 Evergreen Terrace Springfield', 45555555, 'Deposito Central', 1),
(32, 'Centro de distribucion', '742 Evergreen Terrace Springfield', 45555555, 'Deposito Central', 0);

-- --------------------------------------------------------

--
-- Estructura de tabla para la tabla `citavacunacion`
--

CREATE TABLE `citavacunacion` (
  `codCita` int(11) NOT NULL,
  `dni` int(11) NOT NULL,
  `lote` int(11) NOT NULL,
  `fechaHoraCita` datetime NOT NULL,
  `id_centro` int(11) NOT NULL,
  `dosis` double NOT NULL,
  `colocada` tinyint(1) NOT NULL,
  `cancelado` tinyint(1) NOT NULL
) ENGINE=InnoDB DEFAULT CHARSET=utf8mb4 COLLATE=utf8mb4_general_ci;

-- --------------------------------------------------------

--
-- Estructura de tabla para la tabla `ciudadano`
--

CREATE TABLE `ciudadano` (
  `dni` int(11) NOT NULL,
  `apellido` varchar(50) NOT NULL,
  `nombre` varchar(50) NOT NULL,
  `email` varchar(100) NOT NULL,
  `celular` int(25) NOT NULL,
  `zona` varchar(20) NOT NULL,
  `patologia` varchar(50) DEFAULT NULL,
  `ambitoTrabajo` tinyint(1) DEFAULT NULL,
  `deRiesgo` tinyint(1) DEFAULT NULL,
  `FechaInscripcion` date NOT NULL DEFAULT '2023-01-01'
) ENGINE=InnoDB DEFAULT CHARSET=utf8mb4 COLLATE=utf8mb4_general_ci;

--
-- Volcado de datos para la tabla `ciudadano`
--

INSERT INTO `ciudadano` (`dni`, `apellido`, `nombre`, `email`, `celular`, `zona`, `patologia`, `ambitoTrabajo`, `deRiesgo`, `FechaInscripcion`) VALUES
(0, 'Pereyra', 'Luciana', 'luciana@gmail.com', 2147483647, 'NORTE', NULL, 0, NULL, '2023-01-01'),
(5063844, 'Gonzalez', 'Roxana', 'aluisap@topsy.com', 2147483647, 'Este', NULL, 0, 0, '2023-08-13'),
(5164224, 'Lopez', 'Andrea', 'eheighway1z@amazonaws.com', 2147483647, 'Oeste', NULL, 0, 0, '2023-07-08'),
(5261356, 'Gonzalez', 'Claudio', 'mbrandolini89@de.vu', 2147483647, 'Sur', NULL, 0, 1, '2023-09-11'),
(5300347, 'Chazarreta', 'Martin', 'bshippr5@sina.com.cn', 2147483647, 'Norte', NULL, NULL, NULL, '2023-11-28'),
(5340271, 'Perez', 'Julia', 'ecapelenev@hc360.com', 2147483647, 'Oeste', 'Diabetes', 1, 1, '2023-08-14'),
(5445947, 'Gonzalez', 'Andrea', 'raclanddw@storify.com', 2147483647, 'Norte', NULL, NULL, NULL, '2023-10-27'),
(5498540, 'Gomez', 'Martin', 'crevett6g@google.nl', 2147483647, 'Oeste', NULL, 0, 0, '2023-11-01'),
(5508093, 'Gonzalez', 'Martin', 'ctolworthiq@mashable.com', 2147483647, 'Este', 'Obesidad', NULL, NULL, '2023-10-28'),
(5536809, 'Perez', 'Eliana', 'lgledstanep8@microsoft.com', 2147483647, 'Oeste', NULL, 0, 0, '2023-07-31'),
(5561175, 'Ramirez', 'Carlos', 'cspivie7z@infoseek.co.jp', 2147483647, 'Sur', 'Hipertencion', 1, 1, '2023-09-01'),
(5630706, 'Fernandez', 'Fernando', 'csanneygw@quantcast.com', 2147483647, 'Oeste', NULL, 0, 0, '2023-11-19'),
(5685633, 'Perez', 'Eliana', 'hjakobsseng2@slashdot.org', 2147483647, 'Sur', 'Hipertencion', 1, NULL, '2023-07-16'),
(5745566, 'Perez', 'Yanina', 'ghalheadn3@bbc.co.uk', 2147483647, 'Norte', NULL, NULL, NULL, '2023-07-15'),
(5893599, 'Martinez', 'Julia', 'eabarough5n@webeden.co.uk', 2147483647, 'Sur', NULL, 1, NULL, '2023-11-17'),
(5971163, 'Martinez', 'Roxana', 'kgoroni3n@google.com', 2147483647, 'Oeste', NULL, NULL, NULL, '2023-10-14'),
(5977629, 'Rodriguez', 'Eliana', 'dpocki8@usnews.com', 2147483647, 'Este', 'Obesidad', NULL, 1, '2023-08-07'),
(5995481, 'Chazarreta', 'Fernando', 'bkropachfn@miibeian.gov.cn', 2147483647, 'Oeste', NULL, NULL, NULL, '2023-10-15'),
(6100642, 'Gonzalez', 'Jose', 'joxbroughpv@sciencedaily.com', 2147483647, 'Sur', 'Hipertencion', 1, NULL, '2023-10-27'),
(6136754, 'Perez', 'Julia', 'pmurielpz@jiathis.com', 1317595631, 'Norte', 'Obesidad', 0, 0, '2023-08-14'),
(6148644, 'Gonzalez', 'Andrea', 'fcalcuttgb@china.com.cn', 2045246780, 'Este', 'Asma', NULL, NULL, '2023-07-21'),
(6277678, 'Gonzalez', 'Martin', 'dlargentiu@tripod.com', 2147483647, 'Sur', NULL, NULL, NULL, '2023-09-06'),
(6282302, 'Martinez', 'Yanina', 'zchurchman31@shop-pro.jp', 2147483647, 'Sur', NULL, 0, NULL, '2023-11-02'),
(6447636, 'Martinez', 'Andrea', 'adugaldd@wiley.com', 2147483647, 'Sur', 'Asma', 1, NULL, '2023-07-19'),
(6457159, 'Gutierrez', 'Roxana', 'dbenstead1v@mlb.com', 2147483647, 'Sur', NULL, NULL, 0, '2023-10-10'),
(6604460, 'Ramirez', 'Claudio', 'mgerling2t@dailymotion.com', 2147483647, 'Este', 'Hipertencion', NULL, NULL, '2023-11-11'),
(6620736, 'Gonzalez', 'Andrea', 'mdyballmn@bizjournals.com', 2147483647, 'Norte', 'Asma', NULL, NULL, '2023-07-17'),
(6621897, 'Chazarreta', 'Martin', 'gdicarlirc@fastcompany.com', 2147483647, 'Norte', 'Hipertencion', 0, 0, '2023-10-27'),
(6627616, 'Gomez', 'Andrea', 'mmaccallps@wunderground.com', 2147483647, 'Norte', NULL, NULL, 1, '2023-10-07'),
(6657413, 'Gutierrez', 'Fernando', 'fsoppitt50@imageshack.us', 2147483647, 'Este', NULL, 0, 1, '2023-08-22'),
(6686988, 'Perez', 'Roxana', 'bperonce@omniture.com', 2147483647, 'Este', NULL, 1, NULL, '2023-10-24'),
(6754629, 'Gutierrez', 'Eliana', 'achuckso4@blog.com', 1827471646, 'Sur', 'Obesidad', NULL, 1, '2023-11-13'),
(6893290, 'Gutierrez', 'Carlos', 'teslerpc@mediafire.com', 2147483647, 'Oeste', NULL, 0, NULL, '2023-07-15'),
(6900690, 'Gutierrez', 'Carlos', 'tcamidgeo9@tmall.com', 2147483647, 'Norte', NULL, NULL, 0, '2023-11-13'),
(7053724, 'Gutierrez', 'Carlos', 'mvasovic3c@51.la', 2147483647, 'Oeste', NULL, NULL, 0, '2023-08-11'),
(7071020, 'Gonzalez', 'Fernando', 'bbarnish3y@phoca.cz', 2147483647, 'Oeste', NULL, NULL, NULL, '2023-11-08'),
(7105050, 'Martinez', 'Yanina', 'cbramptondf@ftc.gov', 2147483647, 'Oeste', 'Asma', NULL, 1, '2023-11-22'),
(7201300, 'Martinez', 'Carlos', 'praffels22@blogger.com', 2147483647, 'Sur', NULL, NULL, 1, '2023-08-21'),
(7267369, 'Ramirez', 'Fernando', 'amerry8z@goo.gl', 2147483647, 'Oeste', NULL, 0, 1, '2023-08-16'),
(7324660, 'Fernandez', 'Eliana', 'fcraiggcv@google.it', 2147483647, 'Sur', 'Hipertencion', 1, NULL, '2023-08-17'),
(7346524, 'Chazarreta', 'Fernando', 'sedelheid64@usgs.gov', 2147483647, 'Este', NULL, 1, 0, '2023-09-05'),
(7355535, 'Gutierrez', 'Martin', 'jrossanderow@imdb.com', 2147483647, 'Este', 'Asma', NULL, 0, '2023-07-26'),
(7393352, 'Martinez', 'Jose', 'lreddecliffed6@ovh.net', 2147483647, 'Sur', 'Asma', 0, 0, '2023-09-22'),
(7393774, 'Gomez', 'Fernando', 'hjakawayjf@phpbb.com', 2147483647, 'Norte', 'Obesidad', NULL, 0, '2023-08-15'),
(7394678, 'Fernandez', 'Claudio', 'pbrunofl@linkedin.com', 2147483647, 'Sur', 'Asma', NULL, 0, '2023-11-28'),
(7418313, 'Lopez', 'Jose', 'ctalman8e@latimes.com', 2063004379, 'Norte', 'Obesidad', NULL, 0, '2023-11-28'),
(7441944, 'Gutierrez', 'Roxana', 'agoff7k@reference.com', 2147483647, 'Norte', 'Asma', NULL, 0, '2023-11-07'),
(7484928, 'Rodriguez', 'Claudio', 'cheinle1w@cmu.edu', 2147483647, 'Oeste', 'Asma', 1, 0, '2023-10-03'),
(7533214, 'Gomez', 'Eliana', 'sbothrambb@rambler.ru', 2147483647, 'Oeste', 'Asma', NULL, 0, '2023-10-09'),
(7757976, 'Lopez', 'Eliana', 'ldursley7e@nytimes.com', 2147483647, 'Sur', 'Asma', NULL, NULL, '2023-11-13'),
(7968501, 'Rodriguez', 'Carlos', 'fmaytumnx@earthlink.net', 2147483647, 'Oeste', NULL, NULL, 0, '2023-07-27'),
(8048896, 'Rodriguez', 'Martin', 'tquick59@bing.com', 2147483647, 'Este', 'Obesidad', 0, NULL, '2023-10-02'),
(8063521, 'Fernandez', 'Jose', 'alindeny@comsenz.com', 2147483647, 'Este', NULL, NULL, 0, '2023-11-20'),
(8093275, 'Chazarreta', 'Andrea', 'jbarkleyeg@yelp.com', 2147483647, 'Sur', NULL, 0, NULL, '2023-09-11'),
(8117550, 'Gutierrez', 'Jose', 'whedneyq2@state.tx.us', 1571865795, 'Este', NULL, NULL, 1, '2023-10-28'),
(8136995, 'Rodriguez', 'Carlos', 'smckayr4@alibaba.com', 2147483647, 'Sur', NULL, NULL, NULL, '2023-07-13'),
(8152172, 'Fernandez', 'Julia', 'daverillcq@cnet.com', 2147483647, 'Oeste', NULL, 1, 0, '2023-10-02'),
(8154513, 'Chazarreta', 'Jose', 'amuglestonegt@cbslocal.com', 2147483647, 'Oeste', 'Obesidad', 0, NULL, '2023-07-04'),
(8177396, 'Gutierrez', 'Fernando', 'moddboyhl@chron.com', 2147483647, 'Oeste', 'Obesidad', 1, NULL, '2023-08-19'),
(8242488, 'Gutierrez', 'Carlos', 'wrobartse2@wsj.com', 2147483647, 'Norte', NULL, NULL, NULL, '2023-11-03'),
(8242652, 'Rodriguez', 'Julia', 'amaffuccich@miitbeian.gov.cn', 2147483647, 'Oeste', NULL, 1, 1, '2023-10-24'),
(8253333, 'Perez', 'Roxana', 'tvinseneh@digg.com', 2147483647, 'Norte', NULL, 1, NULL, '2023-08-21'),
(8359370, 'Lopez', 'Eliana', 'dkildeado@comcast.net', 1298684514, 'Sur', NULL, NULL, NULL, '2023-08-03'),
(8410146, 'Rodriguez', 'Fernando', 'pverryanis@chicagotribune.com', 2147483647, 'Oeste', 'Diabetes', NULL, 0, '2023-10-19'),
(8481404, 'Gutierrez', 'Julia', 'fwitcherj0@vinaora.com', 2147483647, 'Este', 'Hipertencion', NULL, NULL, '2023-08-21'),
(8503957, 'Gomez', 'Julia', 'jlangfordky@sciencedirect.com', 2147483647, 'Oeste', NULL, NULL, NULL, '2023-11-06'),
(8580885, 'Gomez', 'Fernando', 'rdantesiaqv@archive.org', 2147483647, 'Sur', NULL, NULL, NULL, '2023-09-19'),
(8592099, 'Ramirez', 'Andrea', 'jpepyerp@icio.us', 2147483647, 'Este', NULL, NULL, 1, '2023-11-07'),
(8635864, 'Rodriguez', 'Julia', 'aprudences@mapy.cz', 1214219807, 'Sur', NULL, 0, 1, '2023-10-01'),
(8673461, 'Gutierrez', 'Roxana', 'yrawlingle@goodreads.com', 2147483647, 'Este', 'Diabetes', 1, 1, '2023-10-11'),
(8687515, 'Perez', 'Claudio', 'acowellii@time.com', 2125134883, 'Oeste', 'Asma', NULL, 1, '2023-09-05'),
(8735287, 'Gutierrez', 'Eliana', 'ogarthside52@washingtonpost.com', 2147483647, 'Este', NULL, 1, 0, '2023-08-20'),
(8764291, 'Fernandez', 'Martin', 'cmedforth90@businessinsider.com', 2147483647, 'Sur', NULL, NULL, NULL, '2023-10-16'),
(8821001, 'Gutierrez', 'Jose', 'rnusskq@europa.eu', 2147483647, 'Este', NULL, 1, 1, '2023-11-17'),
(9043288, 'Perez', 'Jose', 'onijspw@google.com.au', 2147483647, 'Norte', 'Hipertencion', NULL, 1, '2023-10-04'),
(9051466, 'Ramirez', 'Julia', 'kogusah@moonfruit.com', 2147483647, 'Norte', 'Hipertencion', 0, NULL, '2023-07-03'),
(9147348, 'Perez', 'Claudio', 'mvarkerbq@cbslocal.com', 2147483647, 'Oeste', 'Hipertencion', NULL, NULL, '2023-11-02'),
(9156273, 'Chazarreta', 'Eliana', 'lworkmankv@amazon.de', 2147483647, 'Sur', NULL, 0, NULL, '2023-07-07'),
(9179012, 'Gutierrez', 'Eliana', 'mmartonc@tmall.com', 2147483647, 'Norte', NULL, NULL, 0, '2023-11-01'),
(9203289, 'Gomez', 'Eliana', 'cguildfordhm@wisc.edu', 2147483647, 'Sur', NULL, 0, 0, '2023-08-31'),
(9256084, 'Martinez', 'Eliana', 'bguerridv@networksolutions.com', 2147483647, 'Sur', NULL, 1, NULL, '2023-11-27'),
(9371573, 'Rodriguez', 'Yanina', 'gfairlambc8@fastcompany.com', 2147483647, 'Norte', 'Obesidad', NULL, NULL, '2023-08-06'),
(9371650, 'Rodriguez', 'Fernando', 'rvosper36@hc360.com', 2147483647, 'Este', NULL, NULL, NULL, '2023-07-02'),
(9437044, 'Gutierrez', 'Martin', 'nerlamaf@ucsd.edu', 1378763103, 'Norte', NULL, 0, 1, '2023-08-07'),
(9470459, 'Perez', 'Eliana', 'ikoppeik@businessinsider.com', 2147483647, 'Sur', 'Diabetes', NULL, 0, '2023-10-16'),
(9622247, 'Martinez', 'Yanina', 'kgrovierjg@thetimes.co.uk', 2147483647, 'Este', 'Diabetes', NULL, 1, '2023-08-22'),
(9634160, 'Martinez', 'Claudio', 'ctrancklejk@nifty.com', 2147483647, 'Este', NULL, 0, 0, '2023-10-30'),
(9650574, 'Gomez', 'Jose', 'gcockrill2i@comsenz.com', 2147483647, 'Norte', NULL, 1, NULL, '2023-11-27'),
(9679466, 'Ramirez', 'Roxana', 'rhutchin2p@chicagotribune.com', 2147483647, 'Este', 'Hipertencion', 0, NULL, '2023-10-14'),
(9694693, 'Ramirez', 'Andrea', 'hbamfordda@example.com', 2147483647, 'Oeste', NULL, 0, 0, '2023-07-11'),
(9705399, 'Gutierrez', 'Eliana', 'ecurrer2v@vkontakte.ru', 2147483647, 'Norte', NULL, NULL, NULL, '2023-10-18'),
(9755914, 'Ramirez', 'Fernando', 'aairey6w@economist.com', 2147483647, 'Norte', NULL, NULL, 0, '2023-08-10'),
(9766929, 'Lopez', 'Fernando', 'kbaxterfg@bbc.co.uk', 2147483647, 'Oeste', NULL, 1, 0, '2023-07-21'),
(9776126, 'Gonzalez', 'Carlos', 'fnewportdp@usgs.gov', 2147483647, 'Norte', 'Hipertencion', 0, 1, '2023-09-21'),
(9822904, 'Lopez', 'Eliana', 'mdelcastelb@sciencedirect.com', 2147483647, 'Oeste', NULL, 0, NULL, '2023-11-27'),
(9833890, 'Chazarreta', 'Jose', 'mstrathee6@seesaa.net', 2147483647, 'Oeste', 'Hipertencion', NULL, NULL, '2023-08-14'),
(9926985, 'Perez', 'Julia', 'treilingenci@icq.com', 2147483647, 'Norte', NULL, 1, NULL, '2023-10-19'),
(9930450, 'Rodriguez', 'Carlos', 'hgrandisonai@so-net.ne.jp', 2147483647, 'Sur', 'Asma', NULL, 0, '2023-11-19'),
(9951241, 'Rodriguez', 'Jose', 'sisenorp5@zdnet.com', 2147483647, 'Sur', 'Obesidad', 1, 0, '2023-07-30'),
(9970807, 'Chazarreta', 'Eliana', 'jchat40@theglobeandmail.com', 2147483647, 'Sur', NULL, NULL, NULL, '2023-10-20'),
(10056815, 'Fernandez', 'Carlos', 'zfranschinill@trellian.com', 2147483647, 'Este', 'Diabetes', NULL, NULL, '2023-10-18'),
(10072432, 'Gomez', 'Roxana', 'mwarlowe3u@storify.com', 2147483647, 'Norte', 'Diabetes', 0, 1, '2023-10-12'),
(10101010, 'Molina', 'Francisco', 'francisco@gmail.com', 1122334455, 'SUR', NULL, 0, NULL, '2023-01-01'),
(10101011, 'Soto', 'Paula', 'paula@gmail.com', 1122334455, 'ESTE', NULL, 0, NULL, '2023-01-01'),
(10189058, 'Lopez', 'Jose', 'fpiddletowngk@slideshare.net', 2147483647, 'Oeste', NULL, 0, NULL, '2023-10-03'),
(10196815, 'Perez', 'Andrea', 'dbrakespearm6@geocities.com', 2147483647, 'Este', 'Diabetes', 0, NULL, '2023-10-14'),
(10241231, 'Lopez', 'Andrea', 'mfruinri@ucsd.edu', 2147483647, 'Sur', NULL, NULL, NULL, '2023-10-28'),
(10314200, 'Martinez', 'Carlos', 'kskipton14@ovh.net', 2147483647, 'Norte', NULL, NULL, 0, '2023-10-24'),
(10342440, 'Chazarreta', 'Julia', 'lpidwell68@yellowbook.com', 2147483647, 'Este', NULL, 0, NULL, '2023-07-04'),
(10459965, 'Rodriguez', 'Martin', 'fcarruth6o@smh.com.au', 2147483647, 'Sur', NULL, NULL, NULL, '2023-07-28'),
(10464036, 'Chazarreta', 'Fernando', 'gcloutekt@meetup.com', 2147483647, 'Oeste', NULL, 1, 0, '2023-10-04'),
(10490882, 'Chazarreta', 'Roxana', 'amirfin43@mashable.com', 2147483647, 'Sur', 'Obesidad', NULL, 0, '2023-08-17'),
(10501390, 'Fernandez', 'Roxana', 'pkocheab@addthis.com', 2147483647, 'Norte', NULL, 0, 1, '2023-11-15'),
(10512861, 'Ramirez', 'Jose', 'asanbrook1o@samsung.com', 2147483647, 'Norte', 'Asma', NULL, NULL, '2023-07-08'),
(10538280, 'Chazarreta', 'Jose', 'mtrenchardep@imdb.com', 2147483647, 'Sur', NULL, 1, 0, '2023-07-29'),
(10558351, 'Perez', 'Yanina', 'nharwellgn@examiner.com', 2147483647, 'Este', 'Obesidad', 0, NULL, '2023-11-13'),
(10612914, 'Chazarreta', 'Jose', 'faxby5@edublogs.org', 2147483647, 'Sur', NULL, NULL, 1, '2023-10-20'),
(10666802, 'Lopez', 'Yanina', 'acarnamanh1@shareasale.com', 2147483647, 'Norte', NULL, NULL, NULL, '2023-09-04'),
(10681096, 'Lopez', 'Yanina', 'mnussenac@narod.ru', 2147483647, 'Sur', NULL, 0, NULL, '2023-09-29'),
(10792236, 'Martinez', 'Yanina', 'vklageman7o@admin.ch', 2147483647, 'Este', 'Asma', 1, 0, '2023-07-26'),
(10817192, 'Gutierrez', 'Claudio', 'cgribbene0@reuters.com', 2147483647, 'Norte', NULL, 1, NULL, '2023-07-26'),
(10876745, 'Ramirez', 'Martin', 'tablittjt@mozilla.org', 1127104686, 'Oeste', NULL, NULL, NULL, '2023-10-15'),
(10936734, 'Chazarreta', 'Fernando', 'dkestellby@rediff.com', 2147483647, 'Oeste', 'Hipertencion', 0, NULL, '2023-07-05'),
(10947009, 'Gonzalez', 'Julia', 'mloeberea@hexun.com', 2147483647, 'Este', NULL, NULL, NULL, '2023-09-05'),
(11008027, 'Ramirez', 'Eliana', 'ldavie3x@amazon.co.uk', 2147483647, 'Este', 'Obesidad', NULL, 0, '2023-11-23'),
(11058120, 'Ramirez', 'Fernando', 'bdobneyhg@japanpost.jp', 2147483647, 'Oeste', 'Hipertencion', NULL, NULL, '2023-07-02'),
(11091967, 'Chazarreta', 'Julia', 'trodriguez6n@geocities.com', 1621666910, 'Este', NULL, 1, NULL, '2023-08-23'),
(11111111, 'González', 'Juan', 'juan@gmail.com', 1122334455, 'OESTE', NULL, 0, NULL, '2023-01-01'),
(11111112, 'Cabrera', 'Martina', 'martina@gmail.com', 1122334455, 'NORTE', NULL, 0, NULL, '2023-01-01'),
(11111114, 'Hernández', 'Lautaro', 'lautaro@gmail.com', 1122334455, 'SUR', 'Hipertensión', 0, NULL, '2023-01-01'),
(11167938, 'Lopez', 'Fernando', 'drolfo8s@people.com.cn', 2069690295, 'Oeste', NULL, 1, NULL, '2023-07-21'),
(11175153, 'Gonzalez', 'Julia', 'gbassindale2o@twitter.com', 2147483647, 'Oeste', 'Asma', NULL, 0, '2023-09-10'),
(11196349, 'Chazarreta', 'Roxana', 'slalleymf@nyu.edu', 2087819600, 'Sur', 'Obesidad', 1, NULL, '2023-10-24'),
(11238451, 'Rodriguez', 'Roxana', 'sjowerscz@yelp.com', 1349817173, 'Norte', 'Hipertencion', NULL, NULL, '2023-11-28'),
(11250687, 'Chazarreta', 'Carlos', 'kshulemjo@ed.gov', 2147483647, 'Norte', NULL, 0, NULL, '2023-10-02'),
(11291188, 'Chazarreta', 'Roxana', 'bdarycottpu@state.tx.us', 2147483647, 'Sur', NULL, NULL, NULL, '2023-09-18'),
(11304630, 'Gonzalez', 'Eliana', 'preglerkg@biblegateway.com', 2147483647, 'Oeste', 'Diabetes', NULL, 1, '2023-10-10'),
(11319840, 'Gonzalez', 'Fernando', 'jnelius16@about.me', 2147483647, 'Sur', NULL, NULL, NULL, '2023-10-23'),
(11324632, 'Gutierrez', 'Andrea', 'alillyman97@acquirethisname.com', 2147483647, 'Sur', 'Asma', NULL, 0, '2023-08-25'),
(11326701, 'Gonzalez', 'Eliana', 'amakeswellmb@vistaprint.com', 1436700434, 'Oeste', NULL, NULL, 0, '2023-11-29'),
(11336276, 'Gonzalez', 'Julia', 'mmessruthero1@de.vu', 2147483647, 'Sur', NULL, NULL, 1, '2023-08-23'),
(11353397, 'Lopez', 'Andrea', 'bbill9j@businessinsider.com', 2147483647, 'Oeste', NULL, NULL, 1, '2023-11-25'),
(11377778, 'Ramirez', 'Jose', 'wbeebyrf@theglobeandmail.com', 2147483647, 'Norte', 'Diabetes', NULL, 0, '2023-11-06'),
(11398066, 'Gonzalez', 'Carlos', 'hmicahli@ftc.gov', 2147483647, 'Este', NULL, NULL, NULL, '2023-08-06'),
(11481058, 'Fernandez', 'Carlos', 'sbremondck@umich.edu', 2147483647, 'Norte', 'Hipertencion', NULL, 1, '2023-08-13'),
(11515897, 'Rodriguez', 'Roxana', 'rcarradicenp@foxnews.com', 2147483647, 'Sur', NULL, NULL, NULL, '2023-08-12'),
(11516619, 'Gomez', 'Julia', 'fmougenel39@java.com', 2053265044, 'Este', 'Asma', 1, 1, '2023-10-20'),
(11688802, 'Lopez', 'Martin', 'dohartaganno@trellian.com', 2147483647, 'Norte', 'Diabetes', NULL, NULL, '2023-07-12'),
(11705270, 'Fernandez', 'Yanina', 'oespinet2j@chron.com', 2147483647, 'Norte', NULL, NULL, 0, '2023-08-06'),
(11742251, 'Gutierrez', 'Roxana', 'wcaudrayk2@epa.gov', 2147483647, 'Sur', NULL, NULL, NULL, '2023-10-22'),
(11815826, 'Perez', 'Yanina', 'psnaithe8@histats.com', 2147483647, 'Norte', NULL, NULL, 1, '2023-08-23'),
(11885887, 'Gonzalez', 'Jose', 'ttalmadgeh@blogs.com', 2147483647, 'Sur', NULL, 0, 0, '2023-10-02'),
(11897324, 'Perez', 'Carlos', 'vcaspellj5@sina.com.cn', 2147483647, 'Este', NULL, 0, 0, '2023-08-26'),
(11970517, 'Lopez', 'Yanina', 'rwadhamp7@wunderground.com', 2147483647, 'Norte', 'Obesidad', NULL, NULL, '2023-08-04'),
(11985788, 'Rodriguez', 'Eliana', 'bdevuyst1e@sciencedaily.com', 2111227327, 'Norte', NULL, NULL, NULL, '2023-08-08'),
(11998071, 'Martinez', 'Julia', 'mrosle20@photobucket.com', 2147483647, 'Norte', NULL, NULL, NULL, '2023-09-05'),
(12009254, 'Gomez', 'Julia', 'aprobackix@japanpost.jp', 2147483647, 'Oeste', NULL, 0, NULL, '2023-08-20'),
(12018977, 'Rodriguez', 'Claudio', 'jsmittounepy@networkadvertising.org', 2147483647, 'Sur', 'Diabetes', 0, NULL, '2023-11-01'),
(12028200, 'Gonzalez', 'Martin', 'adeloozemo@wikispaces.com', 2147483647, 'Sur', 'Hipertencion', 0, NULL, '2023-07-05'),
(12121212, 'Gómez', 'Lucía', 'lucia@gmail.com', 1122334455, 'ESTE', 'Hipertensión', 0, NULL, '2023-01-01'),
(12121213, 'Vega', 'Alejandra', 'alejandra@gmail.com', 1122334455, 'OESTE', 'Asma', 0, NULL, '2023-01-01'),
(12121214, 'Cardozo', 'Marta', 'marta@gmail.com', 1122334455, 'NORTE', 'Asma', 0, NULL, '2023-01-01'),
(12165951, 'Martinez', 'Roxana', 'ccuniffebd@lulu.com', 1899359893, 'Este', 'Diabetes', NULL, 0, '2023-07-20'),
(12189326, 'Ramirez', 'Julia', 'aokelleherf7@de.vu', 2147483647, 'Sur', NULL, NULL, 0, '2023-07-29'),
(12209289, 'Fernandez', 'Fernando', 'atripet7d@comsenz.com', 2147483647, 'Este', NULL, NULL, NULL, '2023-08-03'),
(12210611, 'Fernandez', 'Julia', 'ccollishawk9@google.com', 2147483647, 'Este', NULL, 1, NULL, '2023-07-15'),
(12230207, 'Martinez', 'Carlos', 'bsievek5@furl.net', 2147483647, 'Sur', NULL, NULL, NULL, '2023-07-01'),
(12238764, 'Perez', 'Martin', 'mcollisspf@webeden.co.uk', 2147483647, 'Este', 'Diabetes', NULL, NULL, '2023-10-02'),
(12280220, 'Fernandez', 'Andrea', 'dgoudyoq@umn.edu', 2147483647, 'Este', NULL, 1, 1, '2023-11-01'),
(12374646, 'Gutierrez', 'Fernando', 'skleslo2@answers.com', 2147483647, 'Oeste', NULL, NULL, NULL, '2023-09-13'),
(12556072, 'Gutierrez', 'Jose', 'cbowdenn@i2i.jp', 2147483647, 'Oeste', NULL, NULL, NULL, '2023-10-09'),
(12669913, 'Lopez', 'Yanina', 'nabyse@chicagotribune.com', 2147483647, 'Este', NULL, NULL, NULL, '2023-09-13'),
(12688527, 'Gutierrez', 'Jose', 'wjellybrand61@nyu.edu', 2147483647, 'Oeste', NULL, 1, 0, '2023-07-13'),
(12703939, 'Ramirez', 'Yanina', 'hfrostdickeit@ucoz.com', 2147483647, 'Sur', NULL, 1, 1, '2023-10-27'),
(12720011, 'Martinez', 'Eliana', 'obradmore8y@ask.com', 1571104076, 'Norte', 'Hipertencion', NULL, 1, '2023-07-20'),
(12763235, 'Martinez', 'Julia', 'rtesimonnt@1und1.de', 2147483647, 'Norte', 'Hipertencion', NULL, NULL, '2023-07-21'),
(12767362, 'Gonzalez', 'Martin', 'eprentyoo@aol.com', 2147483647, 'Sur', 'Hipertencion', 1, 0, '2023-11-06'),
(12798409, 'Ramirez', 'Roxana', 'ejellettm@usgs.gov', 2147483647, 'Oeste', 'Hipertencion', NULL, NULL, '2023-11-05'),
(12829263, 'Gutierrez', 'Jose', 'wallonepl@instagram.com', 2147483647, 'Oeste', 'Asma', 0, NULL, '2023-10-17'),
(12865609, 'Perez', 'Andrea', 'mwestheadi@123-reg.co.uk', 2147483647, 'Sur', NULL, 1, NULL, '2023-11-24'),
(12903457, 'Lopez', 'Fernando', 'kfowlerc2@discovery.com', 2147483647, 'Oeste', NULL, 0, NULL, '2023-08-20'),
(12931917, 'Gonzalez', 'Andrea', 'dbennsp1@123-reg.co.uk', 2147483647, 'Este', NULL, 0, 1, '2023-07-25'),
(12944776, 'Chazarreta', 'Yanina', 'bhanrott3l@microsoft.com', 2147483647, 'Sur', NULL, 0, 0, '2023-10-24'),
(13038127, 'Fernandez', 'Carlos', 'cwyss8w@symantec.com', 1774453737, 'Sur', 'Hipertencion', 0, NULL, '2023-11-01'),
(13171609, 'Rodriguez', 'Carlos', 'dbaddow17@geocities.com', 2147483647, 'Norte', 'Obesidad', 1, 0, '2023-10-10'),
(13207996, 'Perez', 'Roxana', 'khabbleiy@aboutads.info', 2147483647, 'Norte', NULL, 1, 0, '2023-09-04'),
(13267688, 'Lopez', 'Yanina', 'iphoebe25@narod.ru', 1162762484, 'Este', NULL, 0, NULL, '2023-08-07'),
(13277415, 'Lopez', 'Julia', 'rmustillmm@meetup.com', 2147483647, 'Este', 'Diabetes', NULL, 0, '2023-10-29'),
(13368072, 'Ramirez', 'Claudio', 'cmacrieriegr@yelp.com', 2147483647, 'Oeste', NULL, NULL, NULL, '2023-08-21'),
(13392362, 'Gutierrez', 'Yanina', 'ctoor7r@tinyurl.com', 2147483647, 'Este', 'Hipertencion', 0, NULL, '2023-10-08'),
(13429460, 'Martinez', 'Andrea', 'atullyji@yellowbook.com', 2147483647, 'Oeste', NULL, 1, 1, '2023-10-13'),
(13443714, 'Perez', 'Andrea', 'ttesimon3a@gnu.org', 2147483647, 'Norte', NULL, 0, NULL, '2023-11-06'),
(13479418, 'Gonzalez', 'Fernando', 'fsolleme91@taobao.com', 2147483647, 'Este', NULL, NULL, NULL, '2023-10-23'),
(13490010, 'Gonzalez', 'Claudio', 'dkubczakds@weebly.com', 1512852125, 'Oeste', 'Diabetes', NULL, 0, '2023-10-23'),
(13517227, 'Gonzalez', 'Eliana', 'nfrascone9g@weebly.com', 2147483647, 'Este', 'Hipertencion', NULL, NULL, '2023-10-18'),
(13554884, 'Perez', 'Jose', 'pcattersonb6@princeton.edu', 2147483647, 'Oeste', 'Asma', 1, 0, '2023-11-18'),
(13567566, 'Rodriguez', 'Yanina', 'mdelacourra@hugedomains.com', 2147483647, 'Sur', NULL, 1, NULL, '2023-10-22'),
(13797650, 'Lopez', 'Eliana', 'breardonos@wsj.com', 2147483647, 'Norte', 'Obesidad', 1, NULL, '2023-08-30'),
(13822096, 'Ramirez', 'Andrea', 'cdignan60@hhs.gov', 2147483647, 'Norte', NULL, NULL, 1, '2023-10-22'),
(13839739, 'Lopez', 'Martin', 'igiacovazzoet@wiley.com', 2147483647, 'Norte', NULL, NULL, 0, '2023-11-08'),
(13843186, 'Rodriguez', 'Fernando', 'gfavellau@psu.edu', 2147483647, 'Oeste', NULL, 1, NULL, '2023-08-12'),
(13851310, 'Ramirez', 'Fernando', 'hhaggus0@de.vu', 2147483647, 'Oeste', NULL, 0, 0, '2023-10-30'),
(13866624, 'Gomez', 'Jose', 'hcastledinej3@dailymail.co.uk', 2147483647, 'Oeste', NULL, 1, 0, '2023-08-22'),
(13867544, 'Perez', 'Andrea', 'rmcgormanpx@europa.eu', 2147483647, 'Oeste', NULL, 0, NULL, '2023-08-03'),
(13888584, 'Ramirez', 'Martin', 'wsirkettkp@livejournal.com', 2147483647, 'Oeste', NULL, 0, 1, '2023-11-23'),
(13900461, 'Rodriguez', 'Andrea', 'atigner2x@paginegialle.it', 2147483647, 'Oeste', 'Hipertencion', NULL, 0, '2023-10-07'),
(13939438, 'Gonzalez', 'Claudio', 'idemichetti4g@unesco.org', 2147483647, 'Oeste', 'Obesidad', NULL, 1, '2023-09-28'),
(13973542, 'Gutierrez', 'Eliana', 'tpolglaseak@g.co', 2147483647, 'Oeste', 'Hipertencion', NULL, 1, '2023-10-04'),
(13976789, 'Chazarreta', 'Jose', 'scahena4@people.com.cn', 2147483647, 'Oeste', NULL, 1, NULL, '2023-10-07'),
(13983659, 'Gomez', 'Fernando', 'cwiddicomber6@bizjournals.com', 2147483647, 'Este', NULL, NULL, 1, '2023-07-05'),
(14035513, 'Lopez', 'Fernando', 'zcristoforib9@theatlantic.com', 2147483647, 'Oeste', NULL, 0, NULL, '2023-10-05'),
(14050059, 'Martinez', 'Claudio', 'ideverallz@phpbb.com', 2147483647, 'Este', NULL, NULL, 1, '2023-10-02'),
(14070028, 'Perez', 'Yanina', 'rcraighall79@aol.com', 2147483647, 'Oeste', 'Diabetes', 0, 0, '2023-10-13'),
(14100239, 'Ramirez', 'Eliana', 'fleatherborrownv@spiegel.de', 2147483647, 'Oeste', NULL, NULL, NULL, '2023-11-17'),
(14160723, 'Martinez', 'Martin', 'ulebretondelavieuvilledj@hao123.com', 2147483647, 'Este', NULL, 1, NULL, '2023-08-17'),
(14261089, 'Rodriguez', 'Jose', 'deastespp@multiply.com', 2147483647, 'Este', 'Asma', NULL, NULL, '2023-07-23'),
(14273539, 'Gutierrez', 'Andrea', 'cclemensenfd@barnesandnoble.com', 2147483647, 'Sur', 'Obesidad', 1, NULL, '2023-08-27'),
(14274312, 'Gutierrez', 'Claudio', 'lmccullaghn7@plala.or.jp', 2147483647, 'Sur', NULL, 1, NULL, '2023-09-24'),
(14331901, 'Fernandez', 'Carlos', 'eeinchcombe9k@blogs.com', 2147483647, 'Sur', NULL, 1, 1, '2023-07-23'),
(14419055, 'Fernandez', 'Andrea', 'tgaddespg@icq.com', 2147483647, 'Oeste', NULL, NULL, NULL, '2023-11-13'),
(14419368, 'Martinez', 'Fernando', 'afarrenf4@marketwatch.com', 2147483647, 'Oeste', NULL, 1, NULL, '2023-10-03'),
(14452260, 'Martinez', 'Fernando', 'ggaizejc@mlb.com', 2147483647, 'Norte', 'Hipertencion', NULL, 0, '2023-08-18'),
(14578741, 'Perez', 'Martin', 'kmacgeaney9r@dropbox.com', 2147483647, 'Norte', 'Diabetes', 0, NULL, '2023-08-08'),
(14594230, 'Fernandez', 'Eliana', 'tpeplowp9@hibu.com', 2147483647, 'Sur', NULL, 1, NULL, '2023-10-12'),
(14618223, 'Perez', 'Andrea', 'dsidoni6@mtv.com', 2118304231, 'Norte', 'Hipertencion', 0, 1, '2023-11-08'),
(14622676, 'Chazarreta', 'Carlos', 'apiscopello8m@mediafire.com', 2147483647, 'Oeste', NULL, NULL, 1, '2023-10-27'),
(14662023, 'Gutierrez', 'Yanina', 'dbigmoreo0@slashdot.org', 2147483647, 'Sur', NULL, 0, NULL, '2023-08-10'),
(14681928, 'Gomez', 'Eliana', 'twasiel4z@senate.gov', 2147483647, 'Norte', 'Hipertencion', NULL, NULL, '2023-07-24'),
(14696089, 'Ramirez', 'Jose', 'wbestmanhs@geocities.com', 2147483647, 'Sur', 'Diabetes', 0, 0, '2023-10-14'),
(14766713, 'Martinez', 'Roxana', 'rslewcock95@hc360.com', 2147483647, 'Sur', NULL, NULL, 0, '2023-10-09'),
(14835299, 'Gutierrez', 'Eliana', 'kritchingsjh@ihg.com', 2147483647, 'Este', NULL, 1, NULL, '2023-08-10'),
(14854804, 'Gutierrez', 'Andrea', 'gmerwoodl7@imgur.com', 1226454956, 'Este', 'Obesidad', NULL, NULL, '2023-09-25'),
(14866174, 'Ramirez', 'Fernando', 'rtuson2@npr.org', 2147483647, 'Sur', 'Diabetes', NULL, NULL, '2023-10-29'),
(14870973, 'Lopez', 'Eliana', 'ckrzyzaniak6e@newsvine.com', 2147483647, 'Oeste', NULL, NULL, NULL, '2023-09-09'),
(14934343, 'Perez', 'Roxana', 'avince4n@mtv.com', 2147483647, 'Sur', NULL, NULL, 1, '2023-08-17'),
(14934794, 'Rodriguez', 'Claudio', 'spavlenkovv@google.co.uk', 2147483647, 'Norte', NULL, 0, 0, '2023-08-16'),
(14968651, 'Chazarreta', 'Julia', 'ascaddonqb@tuttocitta.it', 2147483647, 'Oeste', NULL, NULL, 0, '2023-11-03'),
(15009957, 'Perez', 'Eliana', 'gcescon8@omniture.com', 2147483647, 'Oeste', 'Hipertencion', 0, 1, '2023-08-25'),
(15022087, 'Perez', 'Julia', 'mbanyardqi@cbc.ca', 2147483647, 'Oeste', NULL, 0, NULL, '2023-08-27'),
(15048588, 'Gomez', 'Andrea', 'brosebladeid@microsoft.com', 2147483647, 'Este', NULL, 0, 0, '2023-11-26'),
(15079636, 'Martinez', 'Jose', 'bshowter@skyrock.com', 2147483647, 'Este', 'Diabetes', 0, 0, '2023-10-06'),
(15091104, 'Martinez', 'Eliana', 'tbeernaertj@usda.gov', 2147483647, 'Oeste', 'Asma', 0, 1, '2023-10-09'),
(15186063, 'Fernandez', 'Eliana', 'brichleyo@nhs.uk', 2147483647, 'Oeste', 'Obesidad', NULL, NULL, '2023-10-15'),
(15204327, 'Rodriguez', 'Julia', 'nmeek3q@blogs.com', 2147483647, 'Norte', NULL, 1, NULL, '2023-10-21'),
(15215171, 'Fernandez', 'Carlos', 'skillingbackgj@hubpages.com', 2147483647, 'Norte', NULL, 0, NULL, '2023-08-24'),
(15240680, 'Ramirez', 'Martin', 'wpleveyfq@booking.com', 2147483647, 'Oeste', NULL, NULL, NULL, '2023-09-05'),
(15243220, 'Martinez', 'Martin', 'rtomkies7v@google.co.uk', 1987967395, 'Este', NULL, NULL, 0, '2023-08-17'),
(15280134, 'Lopez', 'Andrea', 'cfabbrij4@bbc.co.uk', 2147483647, 'Norte', NULL, NULL, NULL, '2023-08-20'),
(15412285, 'Ramirez', 'Fernando', 'gjeanonaj@sourceforge.net', 2147483647, 'Oeste', NULL, 1, 0, '2023-10-18'),
(15426722, 'Rodriguez', 'Jose', 'tgrayley6j@wunderground.com', 2147483647, 'Norte', NULL, 0, 0, '2023-10-27'),
(15439427, 'Perez', 'Claudio', 'ckleinhaus9c@uiuc.edu', 2147483647, 'Oeste', 'Asma', NULL, NULL, '2023-07-12'),
(15469067, 'Rodriguez', 'Claudio', 'smcsheefr@foxnews.com', 2147483647, 'Sur', 'Asma', 0, NULL, '2023-09-12'),
(15487782, 'Ramirez', 'Carlos', 'ehusselbeeq6@ft.com', 2147483647, 'Este', 'Hipertencion', 0, NULL, '2023-07-13'),
(15498081, 'Perez', 'Roxana', 'msturrf@github.io', 2147483647, 'Este', 'Obesidad', NULL, NULL, '2023-07-09'),
(15519496, 'Rodriguez', 'Julia', 'eshurrockw@yellowbook.com', 2147483647, 'Sur', NULL, 0, 0, '2023-08-26'),
(15549415, 'Martinez', 'Claudio', 'cgrzesqn@noaa.gov', 2147483647, 'Sur', 'Obesidad', NULL, 1, '2023-11-21'),
(15611379, 'Rodriguez', 'Yanina', 'rperkins7w@mapy.cz', 2147483647, 'Sur', 'Diabetes', NULL, NULL, '2023-09-10'),
(15622054, 'Lopez', 'Yanina', 'pblackmoreim@tmall.com', 2147483647, 'Oeste', NULL, 1, 1, '2023-09-08'),
(15631944, 'Ramirez', 'Yanina', 'dturbardbv@virginia.edu', 2147483647, 'Oeste', NULL, 1, NULL, '2023-07-14'),
(15666293, 'Gonzalez', 'Eliana', 'aapplewhaitee9@tumblr.com', 2147483647, 'Oeste', 'Diabetes', 1, 0, '2023-10-22'),
(15675148, 'Chazarreta', 'Roxana', 'zbezarraaq@comcast.net', 2147483647, 'Oeste', NULL, 0, 0, '2023-09-06'),
(15731964, 'Chazarreta', 'Roxana', 'jbartaa3@comcast.net', 2147483647, 'Este', 'Hipertencion', NULL, NULL, '2023-11-21'),
(15738167, 'Lopez', 'Martin', 'acuncarrgf@psu.edu', 1878904365, 'Sur', NULL, NULL, 0, '2023-07-20'),
(15738975, 'Fernandez', 'Julia', 'lthelwllb@blog.com', 2147483647, 'Este', 'Hipertencion', NULL, NULL, '2023-11-08'),
(15743288, 'Martinez', 'Claudio', 'ggorriessen3m@ask.com', 2147483647, 'Oeste', 'Asma', 1, NULL, '2023-11-21'),
(15810559, 'Gomez', 'Andrea', 'adanieloui@about.me', 2147483647, 'Sur', NULL, 1, 1, '2023-07-18'),
(15936569, 'Martinez', 'Eliana', 'aespinayc4@altervista.org', 2147483647, 'Este', 'Obesidad', 1, NULL, '2023-07-25'),
(15965098, 'Gomez', 'Andrea', 'aducketj8@webnode.com', 2147483647, 'Sur', 'Asma', NULL, NULL, '2023-11-21'),
(16009108, 'Lopez', 'Carlos', 'jaireydd@tripod.com', 2147483647, 'Sur', NULL, NULL, 0, '2023-10-12'),
(16011025, 'Gomez', 'Claudio', 'cragsdaleq7@berkeley.edu', 1717480634, 'Este', NULL, 1, NULL, '2023-08-23'),
(16035715, 'Ramirez', 'Eliana', 'ajaukovic58@scribd.com', 2121352650, 'Este', NULL, NULL, 1, '2023-10-26'),
(16073847, 'Gomez', 'Fernando', 'blanfern1@rakuten.co.jp', 2147483647, 'Oeste', NULL, 0, 0, '2023-10-29'),
(16213587, 'Perez', 'Roxana', 'wslucock6r@google.pl', 2147483647, 'Este', NULL, 0, 1, '2023-08-03'),
(16225150, 'Lopez', 'Jose', 'pnansom35@yellowpages.com', 1217173687, 'Norte', 'Hipertencion', NULL, NULL, '2023-11-13'),
(16253524, 'Gomez', 'Carlos', 'lmckeowon1l@tuttocitta.it', 1697851413, 'Este', NULL, NULL, NULL, '2023-09-24'),
(16270265, 'Rodriguez', 'Yanina', 'gcumpstyjq@cornell.edu', 2147483647, 'Sur', NULL, NULL, 1, '2023-08-29'),
(16283765, 'Martinez', 'Yanina', 'mbelfnk@infoseek.co.jp', 2129402567, 'Este', NULL, 1, NULL, '2023-11-03'),
(16306661, 'Gutierrez', 'Yanina', 'tbooeln8d@vinaora.com', 1121478590, 'Sur', NULL, 1, 1, '2023-11-27'),
(16374171, 'Gonzalez', 'Carlos', 'wmacklam5w@vimeo.com', 2147483647, 'Oeste', NULL, 1, NULL, '2023-07-24'),
(16388698, 'Gomez', 'Carlos', 'jwithrington5@mysql.com', 2147483647, 'Este', NULL, 1, NULL, '2023-10-21'),
(16442318, 'Chazarreta', 'Martin', 'gsammarsa1@google.de', 2147483647, 'Oeste', NULL, NULL, 0, '2023-09-25'),
(16545597, 'Martinez', 'Julia', 'ewhitelaw6b@opera.com', 2147483647, 'Sur', NULL, 1, NULL, '2023-09-22'),
(16554165, 'Lopez', 'Andrea', 'lmaccarlichco@chicagotribune.com', 1088575166, 'Oeste', NULL, NULL, NULL, '2023-09-10'),
(16555862, 'Lopez', 'Eliana', 'rreemedq@loc.gov', 2147483647, 'Oeste', 'Diabetes', 0, 0, '2023-08-14'),
(16581378, 'Perez', 'Julia', 'abensusanlr@sfgate.com', 2147483647, 'Sur', NULL, NULL, 0, '2023-11-01'),
(16766632, 'Fernandez', 'Claudio', 'cnutbeemlb@jiathis.com', 2147483647, 'Este', 'Hipertencion', 0, NULL, '2023-09-21'),
(16774060, 'Gonzalez', 'Julia', 'rdowyerp6@fastcompany.com', 2147483647, 'Norte', NULL, 1, NULL, '2023-10-09'),
(16784887, 'Chazarreta', 'Jose', 'mderillmi@addtoany.com', 2147483647, 'Sur', NULL, 1, NULL, '2023-08-15'),
(16821105, 'Perez', 'Fernando', 'dbartkowiak7q@icq.com', 2147483647, 'Sur', 'Hipertencion', 0, NULL, '2023-07-12'),
(16968293, 'Chazarreta', 'Yanina', 'kfosher2d@ucsd.edu', 2147483647, 'Oeste', NULL, 1, 1, '2023-08-06'),
(17057686, 'Ramirez', 'Andrea', 'jtomegu@unicef.org', 2147483647, 'Oeste', NULL, 1, NULL, '2023-09-18'),
(17148379, 'Perez', 'Julia', 'rlongriggfk@nhs.uk', 2147483647, 'Norte', NULL, NULL, 0, '2023-07-19'),
(17220923, 'Gutierrez', 'Martin', 'einchmr@ucla.edu', 2147483647, 'Este', 'Asma', 0, NULL, '2023-08-07'),
(17284876, 'Gomez', 'Eliana', 'jlarcier62@technorati.com', 2068131753, 'Sur', 'Diabetes', NULL, NULL, '2023-10-08'),
(17307437, 'Rodriguez', 'Roxana', 'dcorkeref@techcrunch.com', 2147483647, 'Oeste', 'Diabetes', NULL, 1, '2023-08-09'),
(17387450, 'Gonzalez', 'Carlos', 'kcafferty7i@rediff.com', 2147483647, 'Oeste', NULL, 0, NULL, '2023-08-30'),
(17429471, 'Gutierrez', 'Yanina', 'moborneh4@ning.com', 2147483647, 'Este', 'Asma', NULL, NULL, '2023-07-03'),
(17443008, 'Lopez', 'Jose', 'dklosereo@comsenz.com', 2147483647, 'Oeste', NULL, 0, 0, '2023-11-08'),
(17446222, 'Chazarreta', 'Jose', 'mdowkerp3@archive.org', 2147483647, 'Oeste', NULL, 1, NULL, '2023-07-26'),
(17504256, 'Perez', 'Andrea', 'vspavins5i@salon.com', 2147483647, 'Oeste', NULL, NULL, 0, '2023-09-23'),
(17539336, 'Lopez', 'Andrea', 'lhindmore3r@unblog.fr', 2147483647, 'Sur', 'Obesidad', 0, NULL, '2023-07-14'),
(17596086, 'Gonzalez', 'Carlos', 'qmahady15@sun.com', 2147483647, 'Oeste', 'Diabetes', 0, NULL, '2023-09-13'),
(17793892, 'Gonzalez', 'Eliana', 'alarrie3p@nature.com', 2147483647, 'Sur', NULL, NULL, NULL, '2023-08-08'),
(17816548, 'Lopez', 'Carlos', 'lgiraudot1d@php.net', 1154986477, 'Oeste', NULL, NULL, NULL, '2023-07-01'),
(17881814, 'Fernandez', 'Roxana', 'mthripp9y@geocities.jp', 2147483647, 'Este', NULL, 1, 0, '2023-10-26'),
(17907641, 'Rodriguez', 'Andrea', 'ajeskins1k@feedburner.com', 2147483647, 'Norte', NULL, 0, 0, '2023-11-28'),
(18024391, 'Fernandez', 'Martin', 'serswelloy@ibm.com', 2147483647, 'Sur', NULL, 1, 1, '2023-11-07'),
(18067385, 'Gonzalez', 'Julia', 'nfullard9u@godaddy.com', 2147483647, 'Sur', NULL, NULL, 0, '2023-07-08'),
(18148326, 'Gutierrez', 'Fernando', 'barguelo@nifty.com', 2147483647, 'Norte', NULL, 0, 1, '2023-10-28'),
(18303370, 'Gutierrez', 'Andrea', 'ltolliday77@fastcompany.com', 2147483647, 'Este', 'Hipertencion', NULL, 0, '2023-09-06'),
(18379668, 'Gutierrez', 'Julia', 'tcloney12@purevolume.com', 2147483647, 'Oeste', NULL, NULL, 0, '2023-11-15'),
(18460047, 'Gonzalez', 'Julia', 'atitterton1p@samsung.com', 2147483647, 'Este', NULL, NULL, NULL, '2023-11-14'),
(18465020, 'Rodriguez', 'Carlos', 'cmacgorrie67@printfriendly.com', 2147483647, 'Este', NULL, NULL, NULL, '2023-10-30'),
(18465285, 'Ramirez', 'Fernando', 'kbegin8a@liveinternet.ru', 2147483647, 'Norte', 'Hipertencion', NULL, 0, '2023-07-23'),
(18503460, 'Rodriguez', 'Carlos', 'mmuckeenke@godaddy.com', 2147483647, 'Este', NULL, NULL, NULL, '2023-08-11'),
(18541701, 'Gonzalez', 'Jose', 'pdenvery@ezinearticles.com', 1152224201, 'Este', NULL, 0, 0, '2023-10-06'),
(18626549, 'Fernandez', 'Julia', 'fholsonb5@newyorker.com', 1219065511, 'Norte', 'Diabetes', 0, NULL, '2023-10-16'),
(18627949, 'Lopez', 'Andrea', 'twillingamcg@bluehost.com', 2147483647, 'Este', NULL, NULL, NULL, '2023-07-24'),
(18676785, 'Gutierrez', 'Roxana', 'nlammerichre@cpanel.net', 2147483647, 'Sur', 'Hipertencion', 0, 0, '2023-11-14'),
(18774484, 'Fernandez', 'Roxana', 'dmowson27@ehow.com', 2147483647, 'Norte', NULL, 0, 1, '2023-08-18'),
(18800943, 'Martinez', 'Claudio', 'tcollacombejd@behance.net', 2123485576, 'Norte', NULL, NULL, 1, '2023-07-30'),
(18809645, 'Gonzalez', 'Yanina', 'hkuhloe@netscape.com', 2147483647, 'Oeste', NULL, 1, NULL, '2023-08-02'),
(18840811, 'Chazarreta', 'Carlos', 'cbrucknerg5@boston.com', 2147483647, 'Sur', NULL, NULL, NULL, '2023-10-16'),
(18843979, 'Chazarreta', 'Claudio', 'cudyrg@w3.org', 2147483647, 'Norte', 'Asma', 0, NULL, '2023-11-26'),
(18845139, 'Lopez', 'Yanina', 'lpatis6y@cyberchimps.com', 2147483647, 'Este', NULL, 0, NULL, '2023-09-09'),
(18917204, 'Fernandez', 'Eliana', 'kscrowtonbw@google.com.hk', 2147483647, 'Norte', NULL, NULL, NULL, '2023-11-15'),
(19020503, 'Gomez', 'Yanina', 'ecosgriffnj@mayoclinic.com', 2147483647, 'Norte', NULL, NULL, 1, '2023-11-24'),
(19205839, 'Perez', 'Martin', 'ifouldsmd@google.co.uk', 2147483647, 'Este', NULL, 1, NULL, '2023-10-19'),
(19243050, 'Ramirez', 'Carlos', 'jinnocentna@nytimes.com', 2147483647, 'Sur', NULL, NULL, NULL, '2023-11-28'),
(19249761, 'Perez', 'Eliana', 'mrobertotnu@princeton.edu', 2147483647, 'Este', 'Asma', NULL, NULL, '2023-11-07'),
(19265578, 'Perez', 'Carlos', 'bform3h@elpais.com', 2147483647, 'Norte', NULL, NULL, 1, '2023-10-03'),
(19314228, 'Gonzalez', 'Claudio', 'ecourtenayba@addthis.com', 2147483647, 'Norte', NULL, 0, NULL, '2023-11-25'),
(19503365, 'Chazarreta', 'Jose', 'mfiddlerh7@last.fm', 2147483647, 'Norte', 'Diabetes', NULL, 0, '2023-08-01'),
(19564936, 'Gonzalez', 'Martin', 'lbarltrop7f@elpais.com', 2147483647, 'Sur', NULL, NULL, 0, '2023-11-15'),
(19624793, 'Gonzalez', 'Julia', 'afantinej@github.com', 2147483647, 'Oeste', NULL, 1, 1, '2023-09-13'),
(19635368, 'Lopez', 'Fernando', 'agirtony@umn.edu', 2147483647, 'Oeste', 'Hipertencion', 1, NULL, '2023-08-06'),
(19669517, 'Rodriguez', 'Yanina', 'bchacegy@unc.edu', 2147483647, 'Norte', NULL, NULL, 0, '2023-07-03'),
(19669925, 'Chazarreta', 'Yanina', 'dangrove53@squarespace.com', 2147483647, 'Sur', 'Obesidad', 0, 0, '2023-09-04'),
(19679145, 'Ramirez', 'Yanina', 'soakwood8n@wix.com', 2147483647, 'Norte', 'Asma', 1, 0, '2023-09-09'),
(19683900, 'Gonzalez', 'Jose', 'sharrode7@theguardian.com', 2147483647, 'Este', 'Diabetes', NULL, 1, '2023-07-03'),
(19711119, 'Ramirez', 'Martin', 'lcromley9h@illinois.edu', 2147483647, 'Sur', 'Obesidad', 1, NULL, '2023-10-16'),
(19742765, 'Gomez', 'Roxana', 'cclimarr7@pbs.org', 2147483647, 'Sur', 'Asma', 0, 1, '2023-10-19'),
(19805904, 'Chazarreta', 'Claudio', 'jbenningtonam@squidoo.com', 2147483647, 'Norte', 'Obesidad', NULL, NULL, '2023-11-19'),
(19852170, 'Gutierrez', 'Roxana', 'bdooheyjs@rambler.ru', 2082648641, 'Este', NULL, 0, 0, '2023-07-11'),
(19858486, 'Ramirez', 'Yanina', 'eblazdell10@rediff.com', 2147483647, 'Este', 'Obesidad', 1, 0, '2023-11-25'),
(19862252, 'Gutierrez', 'Yanina', 'rdominka1b@behance.net', 2147483647, 'Norte', NULL, NULL, 0, '2023-07-05'),
(19937053, 'Gomez', 'Fernando', 'kwoganm8@typepad.com', 2012886221, 'Este', NULL, 0, NULL, '2023-11-05'),
(19947485, 'Rodriguez', 'Martin', 'dgehricke74@hexun.com', 2147483647, 'Sur', NULL, NULL, 1, '2023-07-20'),
(20007644, 'Chazarreta', 'Eliana', 'hsealeyma@quantcast.com', 2147483647, 'Oeste', NULL, 0, 1, '2023-11-27'),
(20025666, 'Rodriguez', 'Roxana', 'lgiorgeschiqa@live.com', 2147483647, 'Sur', 'Obesidad', 0, 1, '2023-07-23'),
(20055460, 'Ramirez', 'Andrea', 'gwingfield1s@cdbaby.com', 2147483647, 'Norte', NULL, 1, 0, '2023-10-19'),
(20141646, 'Gonzalez', 'Roxana', 'ltabbernor54@theguardian.com', 2147483647, 'Sur', NULL, NULL, NULL, '2023-10-22'),
(20161046, 'Rodriguez', 'Roxana', 'cgaytherd0@youtube.com', 1057091884, 'Norte', 'Hipertencion', NULL, NULL, '2023-10-21'),
(20183690, 'Perez', 'Andrea', 'bsleighme@washingtonpost.com', 2147483647, 'Oeste', NULL, NULL, 1, '2023-11-19'),
(20197829, 'Fernandez', 'Yanina', 'tdeleag8@com.com', 2147483647, 'Oeste', NULL, NULL, NULL, '2023-09-09'),
(20202020, 'Herrera', 'Isabella', 'isabella@gmail.com', 2147483647, 'SUR', 'Asma', 0, NULL, '2023-01-01'),
(20202021, 'Rosales', 'Leandro', 'leandro@gmail.com', 2147483647, 'ESTE', 'Diabetes', 0, NULL, '2023-01-01'),
(20207759, 'Lopez', 'Carlos', 'wpinillahq@samsung.com', 2147483647, 'Sur', 'Diabetes', NULL, NULL, '2023-10-21'),
(20400347, 'Ramirez', 'Andrea', 'dguinerybs@imageshack.us', 2147483647, 'Oeste', NULL, NULL, 0, '2023-11-22'),
(20439324, 'Rodriguez', 'Claudio', 'gverrick86@omniture.com', 2147483647, 'Norte', NULL, NULL, 1, '2023-09-02'),
(20442360, 'Perez', 'Fernando', 'dblomfield7s@utexas.edu', 2147483647, 'Sur', 'Diabetes', 1, 0, '2023-07-09'),
(20510632, 'Gomez', 'Fernando', 'aderringtonn5@sun.com', 2147483647, 'Este', NULL, NULL, NULL, '2023-09-03'),
(20536115, 'Martinez', 'Eliana', 'jhaversumax@a8.net', 2147483647, 'Oeste', NULL, 1, 0, '2023-08-04'),
(20576693, 'Gomez', 'Fernando', 'rgiddensr9@cargocollective.com', 2147483647, 'Este', NULL, 1, NULL, '2023-11-27'),
(20596331, 'Gomez', 'Fernando', 'emayo1c@jigsy.com', 2147483647, 'Oeste', 'Obesidad', 0, 0, '2023-07-28'),
(20666375, 'Gomez', 'Jose', 'ppascowhe@wsj.com', 2147483647, 'Sur', 'Diabetes', 1, 1, '2023-11-24'),
(20724337, 'Ramirez', 'Eliana', 'ostaynes1a@vimeo.com', 2147483647, 'Norte', NULL, 1, 0, '2023-08-22'),
(20815163, 'Chazarreta', 'Claudio', 'lknevettk6@zdnet.com', 2147483647, 'Este', NULL, 0, 1, '2023-07-02'),
(20831351, 'Gonzalez', 'Roxana', 'rjirikrn@freewebs.com', 1104527076, 'Este', NULL, 1, NULL, '2023-09-01'),
(20845514, 'Gutierrez', 'Julia', 'sedmundson38@skyrock.com', 2147483647, 'Sur', NULL, NULL, 1, '2023-09-14'),
(20884569, 'Gomez', 'Roxana', 'hamblerh0@usatoday.com', 2147483647, 'Este', 'Obesidad', 0, 0, '2023-08-14'),
(20891454, 'Perez', 'Roxana', 'bswaineed@usgs.gov', 2147483647, 'Sur', NULL, 0, NULL, '2023-11-27'),
(20901646, 'Rodriguez', 'Martin', 'kryding1t@technorati.com', 2147483647, 'Norte', NULL, NULL, NULL, '2023-07-31'),
(20912030, 'Rodriguez', 'Carlos', 'gquickfallgx@businessinsider.com', 2147483647, 'Norte', 'Diabetes', NULL, 0, '2023-10-14'),
(20958920, 'Gutierrez', 'Claudio', 'bconnm4@cnet.com', 1484626448, 'Sur', NULL, NULL, NULL, '2023-11-19'),
(20985436, 'Gomez', 'Roxana', 'abotler7x@marketwatch.com', 2147483647, 'Norte', 'Diabetes', 1, NULL, '2023-11-17'),
(21075933, 'Gonzalez', 'Fernando', 'zmonieril@i2i.jp', 2147483647, 'Este', NULL, NULL, NULL, '2023-08-17'),
(21091874, 'Ramirez', 'Yanina', 'acordsen15@elegantthemes.com', 2147483647, 'Norte', 'Asma', NULL, NULL, '2023-08-11'),
(21348558, 'Gomez', 'Andrea', 'dfibbingsc9@engadget.com', 2147483647, 'Este', 'Hipertencion', NULL, 1, '2023-09-21'),
(21370772, 'Lopez', 'Julia', 'mquinceygc@pagesperso-orange.fr', 2147483647, 'Oeste', 'Diabetes', 0, NULL, '2023-11-20'),
(21501007, 'Perez', 'Martin', 'apittockom@hao123.com', 2147483647, 'Sur', 'Asma', 1, 1, '2023-08-01'),
(21524327, 'Gutierrez', 'Fernando', 'bkelemen4m@behance.net', 1835752213, 'Este', 'Diabetes', 0, 0, '2023-07-14'),
(21697519, 'Gonzalez', 'Roxana', 'shindge14@go.com', 2147483647, 'Sur', 'Diabetes', 1, NULL, '2023-11-25'),
(21770743, 'Chazarreta', 'Roxana', 'vgriolipo@livejournal.com', 2147483647, 'Norte', 'Hipertencion', NULL, 1, '2023-08-07'),
(21814055, 'Chazarreta', 'Roxana', 'rcorbouldpq@fotki.com', 2147483647, 'Sur', NULL, NULL, 1, '2023-07-27'),
(21816152, 'Rodriguez', 'Jose', 'ahugett9v@chronoengine.com', 2147483647, 'Este', 'Hipertencion', 1, NULL, '2023-11-16'),
(21828982, 'Ramirez', 'Carlos', 'lgaroghanmh@virginia.edu', 2147483647, 'Este', NULL, 1, 0, '2023-11-01'),
(21851732, 'Chazarreta', 'Eliana', 'kdeblasio4v@cocolog-nifty.com', 1551569622, 'Oeste', 'Diabetes', 0, 1, '2023-09-19'),
(21866067, 'Gonzalez', 'Martin', 'lclardgecj@cyberchimps.com', 2147483647, 'Sur', NULL, 1, NULL, '2023-09-16'),
(21995063, 'Lopez', 'Julia', 'cbullman3e@google.de', 2147483647, 'Oeste', NULL, 0, 0, '2023-10-02'),
(22053296, 'Gomez', 'Eliana', 'lbrownleei5@fc2.com', 2147483647, 'Este', 'Hipertencion', 0, NULL, '2023-08-28'),
(22059863, 'Perez', 'Roxana', 'mmelmothk@wufoo.com', 2147483647, 'Este', 'Diabetes', 1, NULL, '2023-10-21'),
(22075501, 'Chazarreta', 'Roxana', 'hgentner51@usda.gov', 2147483647, 'Este', 'Asma', 1, 0, '2023-07-31'),
(22091610, 'Chazarreta', 'Roxana', 'ymossoneq@cyberchimps.com', 2147483647, 'Sur', 'Obesidad', NULL, NULL, '2023-11-18'),
(22110229, 'Fernandez', 'Yanina', 'trosiepm@xinhuanet.com', 2147483647, 'Sur', NULL, 1, NULL, '2023-09-04'),
(22179383, 'Gonzalez', 'Roxana', 'kdevaenmv@topsy.com', 2147483647, 'Sur', 'Obesidad', NULL, NULL, '2023-10-24'),
(22202801, 'Gomez', 'Carlos', 'jjenkyna2@ow.ly', 2147483647, 'Norte', NULL, 0, 0, '2023-08-08'),
(22221784, 'Lopez', 'Claudio', 'kbraithwait81@dailymotion.com', 2147483647, 'Este', 'Asma', 1, 1, '2023-08-31'),
(22222222, 'Pérez', 'María', 'maria@gmail.com', 2147483647, 'OESTE', NULL, 0, NULL, '2023-01-01'),
(22222223, 'Acosta', 'Maximiliano', 'maximiliano@gmail.com', 2147483647, 'NORTE', 'Asma', 0, NULL, '2023-01-01'),
(22222225, 'Fernández', 'Clara', 'clara@gmail.com', 2147483647, 'SUR', 'Alergias', 0, NULL, '2023-01-01'),
(22227308, 'Gomez', 'Eliana', 'vleggattkl@biblegateway.com', 2147483647, 'Norte', NULL, NULL, 1, '2023-11-07'),
(22277434, 'Fernandez', 'Claudio', 'cludye45@howstuffworks.com', 2147483647, 'Sur', NULL, NULL, NULL, '2023-11-19'),
(22293021, 'Martinez', 'Fernando', 'jveronique7h@dropbox.com', 2147483647, 'Oeste', 'Obesidad', 1, NULL, '2023-10-22'),
(22318333, 'Lopez', 'Yanina', 'apenticoot5g@archive.org', 2147483647, 'Sur', 'Hipertencion', 0, 0, '2023-10-03'),
(22320016, 'Chazarreta', 'Claudio', 'hmawdgo@ca.gov', 2147483647, 'Este', 'Asma', 0, NULL, '2023-08-11'),
(22346142, 'Fernandez', 'Fernando', 'ekrienkekn@netlog.com', 2147483647, 'Oeste', NULL, 0, 0, '2023-10-17'),
(22596235, 'Martinez', 'Roxana', 'snevisonn4@jalbum.net', 2147483647, 'Este', NULL, NULL, NULL, '2023-09-15'),
(22613022, 'Lopez', 'Julia', 'mbeamanr8@vkontakte.ru', 2147483647, 'Norte', 'Asma', NULL, 1, '2023-09-02'),
(22643342, 'Martinez', 'Claudio', 'cleinweberlc@admin.ch', 2147483647, 'Oeste', NULL, 1, 1, '2023-07-08'),
(22710405, 'Gonzalez', 'Andrea', 'mtapton13@mac.com', 2147483647, 'Sur', NULL, NULL, 0, '2023-10-19'),
(22736690, 'Lopez', 'Martin', 'sstillman83@zdnet.com', 2147483647, 'Norte', 'Hipertencion', NULL, 0, '2023-11-11'),
(22777037, 'Lopez', 'Claudio', 'amcclintonat@netscape.com', 1043981320, 'Sur', NULL, NULL, NULL, '2023-09-09'),
(22818897, 'Perez', 'Eliana', 'pdanielkiewiczfb@techcrunch.com', 2147483647, 'Norte', NULL, 1, 1, '2023-07-24'),
(22897599, 'Chazarreta', 'Eliana', 'bmacginney2c@webmd.com', 2147483647, 'Oeste', NULL, 1, NULL, '2023-08-14'),
(22939701, 'Fernandez', 'Jose', 'kbleued2@networkadvertising.org', 2147483647, 'Oeste', NULL, NULL, 0, '2023-08-06'),
(23017161, 'Chazarreta', 'Andrea', 'nmealiffem7@studiopress.com', 2147483647, 'Sur', 'Asma', 0, 0, '2023-09-13'),
(23044085, 'Rodriguez', 'Julia', 'kodag4@intel.com', 2147483647, 'Sur', NULL, 1, 0, '2023-10-31'),
(23126105, 'Fernandez', 'Eliana', 'ltrowbridgems@sogou.com', 2147483647, 'Sur', NULL, 0, NULL, '2023-10-07'),
(23128615, 'Fernandez', 'Jose', 'macostaas@amazon.co.jp', 2147483647, 'Este', NULL, 0, 1, '2023-10-15'),
(23223734, 'Gutierrez', 'Eliana', 'ilimer10@aol.com', 2147483647, 'Este', NULL, 1, NULL, '2023-11-16'),
(23232323, 'Vega', 'Javier', 'javier@gmail.com', 2147483647, 'ESTE', NULL, 0, NULL, '2023-01-01'),
(23232325, 'Arias', 'Agustín', 'agustin@gmail.com', 2147483647, 'OESTE', NULL, 0, NULL, '2023-01-01'),
(23329571, 'Fernandez', 'Carlos', 'cduckworth9e@etsy.com', 2147483647, 'Oeste', NULL, 0, NULL, '2023-07-23'),
(23335430, 'Perez', 'Martin', 'spoutressey@mayoclinic.com', 2147483647, 'Este', NULL, NULL, NULL, '2023-08-12'),
(23339027, 'Gonzalez', 'Martin', 'nstonary3s@japanpost.jp', 2147483647, 'Este', NULL, 1, 1, '2023-08-03'),
(23359025, 'Perez', 'Julia', 'rpalfreemanao@typepad.com', 2147483647, 'Este', 'Asma', 1, NULL, '2023-10-04'),
(23409415, 'Fernandez', 'Carlos', 'fducarelee@1und1.de', 1165130109, 'Norte', 'Asma', 0, 0, '2023-09-18'),
(23415926, 'Rodriguez', 'Martin', 'ibowhaybh@goo.gl', 2147483647, 'Oeste', 'Diabetes', 1, NULL, '2023-08-19'),
(23452903, 'Perez', 'Carlos', 'jsculleyhk@twitter.com', 2147483647, 'Sur', 'Diabetes', 0, 0, '2023-09-20'),
(23464182, 'Gutierrez', 'Andrea', 'tmcpaik9@newsvine.com', 2147483647, 'Sur', NULL, 0, 1, '2023-09-24'),
(23513920, 'Perez', 'Martin', 'glinnett11@mozilla.com', 2147483647, 'Este', 'Asma', NULL, NULL, '2023-09-14'),
(23517266, 'Fernandez', 'Andrea', 'lcracie6d@marriott.com', 2147483647, 'Norte', NULL, NULL, 1, '2023-09-12'),
(23597926, 'Lopez', 'Jose', 'ttillemq@yahoo.co.jp', 2147483647, 'Oeste', NULL, NULL, 0, '2023-07-05'),
(23599199, 'Fernandez', 'Yanina', 'sklessmannkk@foxnews.com', 2147483647, 'Sur', 'Obesidad', 0, NULL, '2023-07-23'),
(23649250, 'Chazarreta', 'Yanina', 'llukesqf@admin.ch', 2147483647, 'Sur', NULL, 0, NULL, '2023-11-14'),
(23682320, 'Fernandez', 'Yanina', 'tsangarmu@netscape.com', 1663308273, 'Oeste', NULL, 0, NULL, '2023-07-22'),
(23686255, 'Lopez', 'Yanina', 'rdavydkovdt@blogspot.com', 2147483647, 'Oeste', NULL, NULL, 1, '2023-10-31'),
(23747047, 'Rodriguez', 'Julia', 'gbraidman8o@webmd.com', 2147483647, 'Este', 'Asma', NULL, NULL, '2023-11-10'),
(23926785, 'Gutierrez', 'Claudio', 'glilloeki@house.gov', 2147483647, 'Sur', NULL, NULL, 0, '2023-10-28'),
(24053285, 'Fernandez', 'Andrea', 'dtomasianhc@uol.com.br', 2147483647, 'Sur', 'Obesidad', NULL, 0, '2023-10-27'),
(24063451, 'Chazarreta', 'Claudio', 'krourkeju@addtoany.com', 2147483647, 'Este', NULL, NULL, 0, '2023-08-17'),
(24073901, 'Ramirez', 'Eliana', 'fjoerning3o@google.es', 2147483647, 'Sur', NULL, NULL, NULL, '2023-07-14'),
(24087775, 'Gomez', 'Carlos', 'semsonu@yellowpages.com', 2147483647, 'Oeste', NULL, 1, 1, '2023-07-21'),
(24101600, 'Chazarreta', 'Julia', 'rovillb1@amazonaws.com', 2147483647, 'Norte', 'Asma', 1, NULL, '2023-10-19'),
(24116800, 'Gonzalez', 'Fernando', 'wklauerek@indiegogo.com', 2147483647, 'Sur', NULL, 1, 1, '2023-09-30'),
(24119392, 'Fernandez', 'Roxana', 'fmousley9f@mac.com', 2147483647, 'Oeste', NULL, NULL, 1, '2023-07-16'),
(24260759, 'Perez', 'Jose', 'ssikorskyg@desdev.cn', 2147483647, 'Este', NULL, NULL, 0, '2023-09-15'),
(24269284, 'Perez', 'Eliana', 'zstokell7p@biblegateway.com', 2147483647, 'Sur', NULL, NULL, 0, '2023-11-23'),
(24291169, 'Fernandez', 'Yanina', 'tvedenyakineb@a8.net', 2147483647, 'Norte', 'Hipertencion', NULL, 1, '2023-07-28'),
(24397371, 'Ramirez', 'Carlos', 'bknightleyr3@utexas.edu', 2147483647, 'Norte', NULL, NULL, NULL, '2023-11-02'),
(24485707, 'Rodriguez', 'Jose', 'uyoudepa@cisco.com', 2147483647, 'Oeste', 'Diabetes', 0, 1, '2023-09-20'),
(24532091, 'Fernandez', 'Eliana', 'mbartelh5@ftc.gov', 2147483647, 'Sur', 'Obesidad', NULL, 1, '2023-10-05'),
(24582892, 'Chazarreta', 'Martin', 'aalflattdy@rakuten.co.jp', 2147483647, 'Este', NULL, 0, 1, '2023-08-02'),
(24603774, 'Chazarreta', 'Julia', 'ggrishukhincl@homestead.com', 2147483647, 'Oeste', 'Asma', NULL, NULL, '2023-08-23'),
(24680807, 'Gomez', 'Julia', 'dbreachdm@com.com', 2147483647, 'Oeste', 'Asma', 0, NULL, '2023-08-17'),
(24732596, 'Rodriguez', 'Martin', 'gkleinzweigcm@digg.com', 1943520011, 'Este', NULL, 0, NULL, '2023-07-13'),
(24734219, 'Gutierrez', 'Claudio', 'nolechnowiczqg@istockphoto.com', 2147483647, 'Sur', NULL, NULL, 1, '2023-11-09'),
(24820069, 'Ramirez', 'Carlos', 'nlimpennyd9@ezinearticles.com', 2147483647, 'Norte', NULL, NULL, NULL, '2023-08-16');
INSERT INTO `ciudadano` (`dni`, `apellido`, `nombre`, `email`, `celular`, `zona`, `patologia`, `ambitoTrabajo`, `deRiesgo`, `FechaInscripcion`) VALUES
(24848123, 'Gomez', 'Eliana', 'sdigiacomettinokb@si.edu', 2147483647, 'Norte', NULL, 0, NULL, '2023-09-27'),
(24854182, 'Chazarreta', 'Julia', 'rjansemajy@hostgator.com', 2147483647, 'Este', 'Asma', 0, NULL, '2023-07-25'),
(24857081, 'Fernandez', 'Roxana', 'gwinn1q@comsenz.com', 2147483647, 'Oeste', 'Asma', NULL, 1, '2023-10-09'),
(24895685, 'Chazarreta', 'Roxana', 'pmacellen1j@jugem.jp', 1593405109, 'Norte', NULL, 0, 1, '2023-11-26'),
(25015900, 'Gutierrez', 'Yanina', 'mcapesgz@abc.net.au', 2147483647, 'Este', 'Diabetes', 0, NULL, '2023-09-19'),
(25108714, 'Gomez', 'Yanina', 'moertzenmz@google.it', 2147483647, 'Oeste', NULL, 1, NULL, '2023-09-03'),
(25141309, 'Gutierrez', 'Eliana', 'tpinckardpr@house.gov', 1428551226, 'Sur', NULL, 1, 1, '2023-10-22'),
(25160510, 'Lopez', 'Roxana', 'dantushev7a@samsung.com', 2147483647, 'Este', 'Obesidad', 1, NULL, '2023-09-04'),
(25185256, 'Gomez', 'Roxana', 'tsharphousehd@biblegateway.com', 2147483647, 'Sur', 'Hipertencion', NULL, NULL, '2023-07-16'),
(25204126, 'Fernandez', 'Andrea', 'dwhymarkcf@accuweather.com', 2147483647, 'Sur', NULL, NULL, NULL, '2023-09-06'),
(25231561, 'Ramirez', 'Andrea', 'pnettlesnf@trellian.com', 2147483647, 'Norte', NULL, NULL, NULL, '2023-10-10'),
(25233355, 'Rodriguez', 'Jose', 'mbootsrh@jimdo.com', 2147483647, 'Este', NULL, 0, 0, '2023-11-29'),
(25250177, 'Gomez', 'Jose', 'aemigfc@jimdo.com', 2147483647, 'Oeste', 'Asma', NULL, NULL, '2023-11-01'),
(25292672, 'Lopez', 'Yanina', 'mjermeyql@youku.com', 2147483647, 'Este', NULL, 1, NULL, '2023-07-22'),
(25296399, 'Ramirez', 'Yanina', 'vyeowellfj@nih.gov', 2147483647, 'Oeste', NULL, 1, NULL, '2023-11-07'),
(25307284, 'Fernandez', 'Yanina', 'abaxstarf2@lulu.com', 2147483647, 'Norte', 'Hipertencion', 1, 0, '2023-09-15'),
(25431080, 'Gutierrez', 'Yanina', 'dchristenei1@cdc.gov', 2147483647, 'Oeste', NULL, NULL, 1, '2023-07-26'),
(25484565, 'Rodriguez', 'Jose', 'mbeedenkx@gizmodo.com', 2147483647, 'Oeste', 'Hipertencion', 0, NULL, '2023-07-21'),
(25500410, 'Gonzalez', 'Andrea', 'hmcgarahanng@accuweather.com', 2147483647, 'Sur', NULL, NULL, NULL, '2023-08-15'),
(25521614, 'Lopez', 'Roxana', 'aaliboneg0@bloglovin.com', 2147483647, 'Norte', NULL, NULL, NULL, '2023-11-06'),
(25595442, 'Fernandez', 'Roxana', 'gmcturkpt@tripod.com', 2147483647, 'Norte', NULL, 1, 0, '2023-09-24'),
(25597812, 'Chazarreta', 'Andrea', 'dilsleyfv@indiegogo.com', 2147483647, 'Oeste', NULL, 1, 0, '2023-10-08'),
(25829270, 'Gutierrez', 'Martin', 'dcrombleholmeei@naver.com', 2147483647, 'Oeste', NULL, NULL, 0, '2023-10-22'),
(25887025, 'Gomez', 'Yanina', 'gremer33@yellowpages.com', 2147483647, 'Sur', NULL, 0, 0, '2023-10-17'),
(26030486, 'Gonzalez', 'Roxana', 'tretchfordf1@intel.com', 2147483647, 'Este', NULL, NULL, NULL, '2023-10-13'),
(26054271, 'Fernandez', 'Eliana', 'dashardqj@xinhuanet.com', 2147483647, 'Sur', NULL, NULL, 1, '2023-09-20'),
(26056693, 'Gomez', 'Jose', 'fvenesox@alexa.com', 2147483647, 'Norte', NULL, 0, 0, '2023-09-21'),
(26200758, 'Gonzalez', 'Jose', 'nsarverfz@nyu.edu', 1633334300, 'Norte', 'Diabetes', NULL, NULL, '2023-07-07'),
(26214666, 'Gonzalez', 'Claudio', 'cschneider6x@jigsy.com', 2147483647, 'Norte', NULL, 1, NULL, '2023-10-16'),
(26291043, 'Gutierrez', 'Julia', 'srendellqr@seesaa.net', 2147483647, 'Oeste', 'Asma', 0, NULL, '2023-08-22'),
(26332802, 'Chazarreta', 'Carlos', 'fdestoopl9@rediff.com', 2147483647, 'Sur', 'Asma', NULL, 0, '2023-07-30'),
(26356190, 'Gonzalez', 'Martin', 'abibbyca@java.com', 2147483647, 'Norte', NULL, 0, NULL, '2023-11-24'),
(26454635, 'Lopez', 'Carlos', 'mjouenoa@oakley.com', 2147483647, 'Oeste', 'Obesidad', NULL, 1, '2023-08-21'),
(26459056, 'Perez', 'Martin', 'erosenberger9b@google.com.hk', 2147483647, 'Sur', NULL, NULL, NULL, '2023-10-29'),
(26535471, 'Ramirez', 'Carlos', 'dsizzey7j@cpanel.net', 2089902748, 'Sur', 'Hipertencion', 0, 0, '2023-08-17'),
(26540031, 'Gutierrez', 'Andrea', 'nnewell63@surveymonkey.com', 1073105643, 'Sur', NULL, NULL, NULL, '2023-11-18'),
(26546052, 'Lopez', 'Andrea', 'crochesqs@irs.gov', 2147483647, 'Este', 'Obesidad', NULL, NULL, '2023-08-17'),
(26553849, 'Rodriguez', 'Martin', 'nromand44@miibeian.gov.cn', 2147483647, 'Oeste', NULL, 0, NULL, '2023-08-22'),
(26773861, 'Martinez', 'Jose', 'ccristofanol5@shinystat.com', 2147483647, 'Sur', NULL, 0, NULL, '2023-10-11'),
(26879581, 'Gomez', 'Andrea', 'iskrinek4@illinois.edu', 2147483647, 'Norte', NULL, 1, NULL, '2023-10-16'),
(26938807, 'Rodriguez', 'Martin', 'sdrew9n@goo.ne.jp', 2147483647, 'Oeste', NULL, 0, 1, '2023-11-29'),
(26952363, 'Gonzalez', 'Roxana', 'rsweetenhammt@clickbank.net', 2147483647, 'Sur', NULL, NULL, 1, '2023-09-13'),
(26997591, 'Gutierrez', 'Fernando', 'nroughleycd@cdc.gov', 2147483647, 'Norte', 'Asma', NULL, 1, '2023-07-26'),
(27040691, 'Fernandez', 'Fernando', 'cstrasser1@webs.com', 2147483647, 'Oeste', NULL, NULL, NULL, '2023-10-15'),
(27114288, 'Gomez', 'Andrea', 'cgaitskill32@sbwire.com', 2147483647, 'Este', NULL, 1, NULL, '2023-09-11'),
(27155572, 'Chazarreta', 'Eliana', 'subsdale3b@desdev.cn', 2147483647, 'Oeste', NULL, NULL, 0, '2023-11-25'),
(27185795, 'Chazarreta', 'Jose', 'eperkisa8@un.org', 2147483647, 'Este', NULL, 0, NULL, '2023-09-27'),
(27186943, 'Chazarreta', 'Yanina', 'thowarthi0@wikispaces.com', 2147483647, 'Norte', 'Diabetes', 0, 1, '2023-08-21'),
(27284061, 'Chazarreta', 'Jose', 'smeake2z@amazon.co.uk', 2147483647, 'Este', NULL, NULL, NULL, '2023-07-24'),
(27298405, 'Gomez', 'Andrea', 'pkitea6@senate.gov', 2147483647, 'Sur', 'Obesidad', 1, 0, '2023-11-10'),
(27326079, 'Fernandez', 'Julia', 'jcooringtonqd@vkontakte.ru', 2147483647, 'Oeste', NULL, 0, NULL, '2023-11-01'),
(27428049, 'Lopez', 'Yanina', 'qlillistonebz@hexun.com', 2147483647, 'Norte', NULL, NULL, NULL, '2023-10-31'),
(27437479, 'Gonzalez', 'Carlos', 'bbowe2f@bloglovin.com', 2147483647, 'Sur', NULL, NULL, 0, '2023-10-04'),
(27504728, 'Gomez', 'Roxana', 'dmcenhill4t@tamu.edu', 2147483647, 'Oeste', 'Diabetes', 0, NULL, '2023-08-25'),
(27620828, 'Martinez', 'Eliana', 'rblew70@parallels.com', 2147483647, 'Norte', 'Hipertencion', 0, 0, '2023-07-11'),
(27763298, 'Chazarreta', 'Martin', 'dcranhamku@hc360.com', 2147483647, 'Sur', 'Asma', NULL, NULL, '2023-09-29'),
(27810853, 'Gomez', 'Julia', 'zmansion9w@blog.com', 2147483647, 'Oeste', NULL, 0, 0, '2023-10-23'),
(27849100, 'Gutierrez', 'Fernando', 'aarnaldif@imageshack.us', 2147483647, 'Sur', 'Diabetes', 1, NULL, '2023-08-30'),
(27917000, 'Fernandez', 'Yanina', 'rgunby48@intel.com', 2147483647, 'Este', NULL, NULL, 1, '2023-11-01'),
(27936570, 'Fernandez', 'Eliana', 'avasicmc@cmu.edu', 2147483647, 'Oeste', NULL, 0, 1, '2023-11-25'),
(27960999, 'Rodriguez', 'Martin', 'sditerm@blogtalkradio.com', 2147483647, 'Norte', NULL, 0, NULL, '2023-07-21'),
(27999008, 'Fernandez', 'Roxana', 'cgascardl8@deviantart.com', 2147483647, 'Norte', 'Obesidad', NULL, NULL, '2023-10-07'),
(28061780, 'Gutierrez', 'Yanina', 'cmenicomboi@wunderground.com', 2147483647, 'Sur', 'Hipertencion', NULL, NULL, '2023-11-14'),
(28136317, 'Martinez', 'Martin', 'hpolet9a@reuters.com', 2147483647, 'Norte', 'Hipertencion', NULL, NULL, '2023-09-17'),
(28143245, 'Chazarreta', 'Jose', 'fbernonjz@jalbum.net', 2147483647, 'Sur', NULL, NULL, NULL, '2023-07-08'),
(28181791, 'Fernandez', 'Martin', 'wryall29@mapquest.com', 2147483647, 'Norte', 'Asma', 1, 1, '2023-11-20'),
(28217083, 'Ramirez', 'Roxana', 'vgueste1h@dedecms.com', 2147483647, 'Sur', 'Hipertencion', NULL, NULL, '2023-10-25'),
(28233009, 'Ramirez', 'Eliana', 'wabellah6@phpbb.com', 2147483647, 'Norte', NULL, 1, NULL, '2023-09-08'),
(28330870, 'Fernandez', 'Claudio', 'gdavenportmw@nifty.com', 2147483647, 'Este', NULL, NULL, 1, '2023-08-17'),
(28363085, 'Gonzalez', 'Claudio', 'ablewmenl@imdb.com', 1897670145, 'Oeste', 'Diabetes', 1, NULL, '2023-08-24'),
(28452079, 'Fernandez', 'Claudio', 'pgubbins1b@51.la', 2147483647, 'Norte', NULL, NULL, 1, '2023-10-25'),
(28464496, 'Rodriguez', 'Claudio', 'bgreddenm9@nyu.edu', 2147483647, 'Sur', 'Diabetes', NULL, 1, '2023-09-30'),
(28484443, 'Gutierrez', 'Jose', 'psplevinh3@studiopress.com', 2147483647, 'Oeste', NULL, 0, 0, '2023-10-30'),
(28509242, 'Gutierrez', 'Carlos', 'dtrivett5q@unesco.org', 2147483647, 'Sur', 'Hipertencion', NULL, 1, '2023-07-10'),
(28527579, 'Gonzalez', 'Claudio', 'rcorroyer42@dyndns.org', 2147483647, 'Sur', 'Hipertencion', 0, NULL, '2023-11-29'),
(28528599, 'Gomez', 'Claudio', 'bberk8q@yale.edu', 1768774911, 'Oeste', NULL, 1, 1, '2023-11-09'),
(28531543, 'Perez', 'Julia', 'bburryn9@amazonaws.com', 2147483647, 'Sur', NULL, 1, 0, '2023-11-16'),
(28558928, 'Gutierrez', 'Eliana', 'gbranton4l@biglobe.ne.jp', 2147483647, 'Este', NULL, 1, NULL, '2023-08-05'),
(28591217, 'Ramirez', 'Roxana', 'mpatise4x@va.gov', 2147483647, 'Norte', 'Hipertencion', 0, 1, '2023-10-09'),
(28600899, 'Martinez', 'Carlos', 'cdavinet57@163.com', 2147483647, 'Sur', 'Diabetes', 0, NULL, '2023-07-30'),
(28656341, 'Lopez', 'Martin', 'memlynhw@hc360.com', 1693804314, 'Oeste', NULL, NULL, 0, '2023-09-19'),
(28684899, 'Fernandez', 'Andrea', 'mtantumg6@mediafire.com', 2147483647, 'Norte', NULL, 1, 0, '2023-11-16'),
(28686391, 'Gomez', 'Eliana', 'jbrockherstav@g.co', 1744456499, 'Oeste', 'Hipertencion', NULL, 1, '2023-10-02'),
(28791901, 'Gonzalez', 'Eliana', 'nwhyardnh@slideshare.net', 2147483647, 'Norte', 'Hipertencion', NULL, NULL, '2023-10-19'),
(28842239, 'Lopez', 'Roxana', 'cgow9o@wikia.com', 2147483647, 'Este', 'Asma', 0, 1, '2023-10-13'),
(28847487, 'Gonzalez', 'Yanina', 'pbrumir@narod.ru', 2029699370, 'Sur', NULL, NULL, NULL, '2023-10-09'),
(28901874, 'Martinez', 'Andrea', 'hlarkini3@smugmug.com', 2147483647, 'Norte', 'Diabetes', 0, 0, '2023-08-02'),
(28907514, 'Ramirez', 'Fernando', 'ktuley4@sbwire.com', 2147483647, 'Sur', NULL, NULL, NULL, '2023-11-05'),
(28948153, 'Gonzalez', 'Eliana', 'alutykf@clickbank.net', 1727584052, 'Oeste', NULL, NULL, 1, '2023-10-05'),
(28967009, 'Gutierrez', 'Julia', 'lyashnovgq@yandex.ru', 2147483647, 'Oeste', NULL, NULL, NULL, '2023-08-25'),
(28968798, 'Perez', 'Jose', 'rducaen7t@comcast.net', 1763055173, 'Norte', NULL, NULL, 1, '2023-09-01'),
(28981403, 'Gomez', 'Martin', 'jhughde@hp.com', 2147483647, 'Norte', NULL, NULL, 1, '2023-08-24'),
(29264695, 'Gonzalez', 'Claudio', 'mbertelmot18@sun.com', 2147483647, 'Oeste', 'Hipertencion', NULL, NULL, '2023-07-26'),
(29310011, 'Martinez', 'Fernando', 'hmabonedr@shop-pro.jp', 1803538777, 'Este', NULL, 1, 0, '2023-08-15'),
(29364291, 'Fernandez', 'Martin', 'eheard2l@toplist.cz', 1084916151, 'Sur', NULL, 1, NULL, '2023-10-28'),
(29461698, 'Ramirez', 'Claudio', 'northcx@techcrunch.com', 2147483647, 'Este', NULL, NULL, NULL, '2023-08-30'),
(29489351, 'Rodriguez', 'Julia', 'bwendenlu@tumblr.com', 2147483647, 'Oeste', NULL, NULL, 0, '2023-07-19'),
(29590786, 'Perez', 'Eliana', 'lceleso5@moonfruit.com', 2147483647, 'Norte', 'Obesidad', 1, NULL, '2023-10-26'),
(29642279, 'Lopez', 'Carlos', 'adalyelli9@ebay.co.uk', 1032431945, 'Oeste', NULL, NULL, NULL, '2023-10-14'),
(29653112, 'Perez', 'Julia', 'abrick21@oaic.gov.au', 2147483647, 'Oeste', NULL, NULL, NULL, '2023-11-27'),
(29747036, 'Rodriguez', 'Andrea', 'tskaifja@4shared.com', 2147483647, 'Este', 'Obesidad', NULL, 1, '2023-10-26'),
(29791351, 'Gonzalez', 'Eliana', 'wsoitouxkm@deviantart.com', 2147483647, 'Sur', 'Diabetes', 1, 0, '2023-10-28'),
(29808561, 'Ramirez', 'Claudio', 'sdeverell9d@macromedia.com', 2147483647, 'Este', NULL, 1, NULL, '2023-11-10'),
(29843679, 'Martinez', 'Roxana', 'ehankey3@arstechnica.com', 2147483647, 'Norte', 'Asma', NULL, NULL, '2023-11-22'),
(29848706, 'Chazarreta', 'Andrea', 'vmcgerraghty2b@theguardian.com', 2147483647, 'Sur', NULL, 0, 1, '2023-11-04'),
(29862824, 'Martinez', 'Julia', 'rgillottkz@livejournal.com', 2147483647, 'Este', NULL, 0, 0, '2023-08-26'),
(29867852, 'Perez', 'Martin', 'aseilerx@linkedin.com', 2147483647, 'Sur', 'Diabetes', NULL, NULL, '2023-08-12'),
(29915588, 'Chazarreta', 'Carlos', 'rdalgetycw@issuu.com', 2147483647, 'Este', NULL, NULL, NULL, '2023-08-07'),
(30020936, 'Ramirez', 'Julia', 'ahadigatem2@dmoz.org', 2147483647, 'Este', NULL, NULL, 0, '2023-11-10'),
(30060053, 'Lopez', 'Julia', 'nmableyns@i2i.jp', 2147483647, 'Norte', NULL, 0, NULL, '2023-07-16'),
(30085333, 'Gomez', 'Eliana', 'shuffygl@time.com', 2147483647, 'Sur', 'Diabetes', NULL, NULL, '2023-07-22'),
(30085419, 'Lopez', 'Eliana', 'dolivie6t@youku.com', 2147483647, 'Norte', NULL, NULL, 0, '2023-08-04'),
(30104972, 'Gutierrez', 'Martin', 'smcclinton9z@utexas.edu', 2147483647, 'Norte', 'Diabetes', NULL, 0, '2023-09-14'),
(30247280, 'Gutierrez', 'Yanina', 'kdaethlk@adobe.com', 2147483647, 'Oeste', 'Hipertencion', 0, NULL, '2023-10-27'),
(30303030, 'Silva', 'Lucas', 'lucas@gmail.com', 2147483647, 'NORTE', 'Diabetes', 0, NULL, '2023-01-01'),
(30303031, 'Paredes', 'Abril', 'abril@gmail.com', 2147483647, 'SUR', NULL, 0, NULL, '2023-01-01'),
(30313536, 'Martinez', 'Fernando', 'mabrahartof@cbslocal.com', 2147483647, 'Norte', NULL, 1, NULL, '2023-08-16'),
(30406425, 'Perez', 'Claudio', 'magutter4o@disqus.com', 2147483647, 'Norte', NULL, 1, 0, '2023-10-16'),
(30547189, 'Rodriguez', 'Carlos', 'wbrouweriz@ftc.gov', 2147483647, 'Este', 'Diabetes', 0, NULL, '2023-07-27'),
(30657172, 'Gonzalez', 'Julia', 'csleet6z@businesswire.com', 2147483647, 'Norte', NULL, 0, 0, '2023-07-10'),
(30766786, 'Perez', 'Eliana', 'ghallidayib@indiegogo.com', 1207820341, 'Oeste', NULL, NULL, NULL, '2023-09-12'),
(30833037, 'Gonzalez', 'Yanina', 'bbreinlein8t@sitemeter.com', 2147483647, 'Sur', 'Diabetes', NULL, 0, '2023-09-15'),
(30917435, 'Perez', 'Yanina', 'lpuddan8c@domainmarket.com', 2147483647, 'Sur', 'Hipertencion', 1, 1, '2023-11-10'),
(31064046, 'Fernandez', 'Carlos', 'jgothupd5@census.gov', 2147483647, 'Este', NULL, 0, NULL, '2023-11-27'),
(31112206, 'Ramirez', 'Claudio', 'moldland3g@yahoo.co.jp', 2147483647, 'Sur', NULL, 1, NULL, '2023-07-16'),
(31117683, 'Chazarreta', 'Andrea', 'ahorsellh2@squarespace.com', 1064043236, 'Norte', 'Obesidad', 1, 0, '2023-08-30'),
(31166241, 'Gomez', 'Claudio', 'tpetrolqu@istockphoto.com', 2147483647, 'Norte', NULL, 1, NULL, '2023-08-15'),
(31261932, 'Lopez', 'Fernando', 'balvy2n@topsy.com', 2147483647, 'Norte', NULL, NULL, 0, '2023-10-15'),
(31271699, 'Perez', 'Roxana', 'pwash1n@1688.com', 1009920370, 'Norte', NULL, NULL, NULL, '2023-09-15'),
(31384946, 'Gonzalez', 'Martin', 'ystangoiw@cisco.com', 2147483647, 'Sur', 'Hipertencion', NULL, NULL, '2023-08-18'),
(31425068, 'Martinez', 'Fernando', 'nkollas2h@csmonitor.com', 2147483647, 'Sur', NULL, 0, 0, '2023-08-30'),
(31438488, 'Lopez', 'Andrea', 'mmaccallesterh9@amazon.de', 2147483647, 'Norte', 'Diabetes', NULL, 1, '2023-08-07'),
(31462212, 'Chazarreta', 'Carlos', 'metiennefs@edublogs.org', 2147483647, 'Norte', 'Diabetes', 0, NULL, '2023-11-07'),
(31543980, 'Gomez', 'Fernando', 'djessop8b@upenn.edu', 2147483647, 'Este', 'Hipertencion', 1, NULL, '2023-09-15'),
(31607733, 'Chazarreta', 'Claudio', 'jhegartyge@dot.gov', 2147483647, 'Norte', 'Hipertencion', 1, NULL, '2023-08-23'),
(31672027, 'Perez', 'Claudio', 'alangridgeq3@sitemeter.com', 2147483647, 'Oeste', NULL, NULL, 0, '2023-08-09'),
(31719570, 'Fernandez', 'Jose', 'dedlestongp@ted.com', 2147483647, 'Norte', 'Hipertencion', NULL, 1, '2023-10-23'),
(31722315, 'Rodriguez', 'Andrea', 'ctriggol3j@mapquest.com', 2147483647, 'Este', NULL, NULL, 0, '2023-10-26'),
(31740305, 'Perez', 'Yanina', 'ucoulson2s@ifeng.com', 1395802003, 'Sur', NULL, 0, 0, '2023-11-03'),
(31798313, 'Chazarreta', 'Andrea', 'msyreshy@sakura.ne.jp', 2147483647, 'Sur', 'Diabetes', NULL, 0, '2023-11-28'),
(31819791, 'Martinez', 'Claudio', 'rweighij@sun.com', 2147483647, 'Sur', NULL, NULL, NULL, '2023-07-30'),
(31869966, 'Chazarreta', 'Yanina', 'rcorbitthv@newsvine.com', 2147483647, 'Sur', NULL, 0, NULL, '2023-08-08'),
(31884949, 'Ibañez', 'Mario', 'hola@hola.com', 1127336498, 'SUR', NULL, 0, NULL, '2023-01-01'),
(31999134, 'Lopez', 'Yanina', 'amonahanb7@oakley.com', 2147483647, 'Sur', NULL, 0, 0, '2023-10-16'),
(32036107, 'Rodriguez', 'Carlos', 'awellsmancp@imageshack.us', 2147483647, 'Norte', 'Asma', NULL, NULL, '2023-08-24'),
(32077838, 'Gonzalez', 'Andrea', 'bwood75@apple.com', 2147483647, 'Norte', NULL, 1, NULL, '2023-10-15'),
(32097956, 'Lopez', 'Jose', 'bcumineeu@army.mil', 2147483647, 'Oeste', 'Diabetes', 1, NULL, '2023-10-31'),
(32128136, 'Martinez', 'Carlos', 'ggammadega@dot.gov', 2147483647, 'Oeste', NULL, NULL, 0, '2023-08-16'),
(32195087, 'Fernandez', 'Eliana', 'acraik2g@yahoo.co.jp', 2147483647, 'Sur', NULL, NULL, 0, '2023-10-03'),
(32351558, 'Martinez', 'Yanina', 'erigneyad@slashdot.org', 2147483647, 'Oeste', NULL, NULL, 0, '2023-08-22'),
(32364120, 'Gutierrez', 'Jose', 'olauritzen0@unicef.org', 2147483647, 'Este', 'Diabetes', NULL, 0, '2023-09-20'),
(32388958, 'Gutierrez', 'Andrea', 'gsodory11@opera.com', 2147483647, 'Este', NULL, 1, NULL, '2023-10-14'),
(32437960, 'Lopez', 'Claudio', 'dcroleko@meetup.com', 2147483647, 'Oeste', 'Obesidad', 1, NULL, '2023-10-20'),
(32484022, 'Chazarreta', 'Roxana', 'fforesightpi@amazon.de', 2147483647, 'Oeste', 'Diabetes', NULL, NULL, '2023-09-25'),
(32552327, 'Gutierrez', 'Fernando', 'nscruby9p@vistaprint.com', 2147483647, 'Sur', NULL, 0, NULL, '2023-07-28'),
(32559998, 'Gonzalez', 'Andrea', 'hbonhommehj@wikipedia.org', 2147483647, 'Oeste', 'Diabetes', NULL, 0, '2023-08-08'),
(32604207, 'Ramirez', 'Yanina', 'lwhite92@soundcloud.com', 2147483647, 'Norte', 'Diabetes', NULL, 1, '2023-08-01'),
(32654881, 'Perez', 'Carlos', 'fcurrell8u@uiuc.edu', 2147483647, 'Norte', NULL, NULL, 1, '2023-09-10'),
(32805456, 'Lopez', 'Eliana', 'mkingscottqp@nbcnews.com', 1065586798, 'Oeste', NULL, 1, 1, '2023-09-05'),
(32841371, 'Chazarreta', 'Andrea', 'dshreenan3k@state.gov', 2147483647, 'Oeste', NULL, 1, 0, '2023-09-15'),
(32938256, 'Chazarreta', 'Julia', 'ggurr6f@hhs.gov', 2147483647, 'Este', 'Asma', NULL, NULL, '2023-10-13'),
(32939571, 'Chazarreta', 'Eliana', 'ocoytely@mediafire.com', 2147483647, 'Este', NULL, 1, NULL, '2023-09-24'),
(32960565, 'Gomez', 'Yanina', 'sfarncombeaz@time.com', 2147483647, 'Este', NULL, NULL, 0, '2023-09-15'),
(32965373, 'Gomez', 'Jose', 'mocorreniv@europa.eu', 2147483647, 'Sur', 'Asma', NULL, 0, '2023-07-19'),
(32971387, 'Gomez', 'Fernando', 'mzahore@etsy.com', 2147483647, 'Este', NULL, NULL, NULL, '2023-08-05'),
(33029052, 'Lopez', 'Fernando', 'vcookep2@dropbox.com', 2147483647, 'Oeste', NULL, 1, 0, '2023-08-07'),
(33071137, 'Martinez', 'Yanina', 'rplowrightan@techcrunch.com', 2147483647, 'Norte', 'Hipertencion', NULL, 0, '2023-10-14'),
(33083717, 'Ramirez', 'Jose', 'rstermanb4@w3.org', 2147483647, 'Norte', 'Diabetes', NULL, 0, '2023-08-18'),
(33099230, 'Perez', 'Julia', 'rciraldo7@shinystat.com', 2147483647, 'Sur', 'Hipertencion', NULL, 1, '2023-08-21'),
(33203034, 'Gonzalez', 'Andrea', 'ktomney6v@last.fm', 2147483647, 'Oeste', NULL, 1, NULL, '2023-08-27'),
(33243403, 'Fernandez', 'Carlos', 'gmargachp4@goo.ne.jp', 2147483647, 'Sur', 'Hipertencion', 1, NULL, '2023-10-10'),
(33246665, 'Gonzalez', 'Carlos', 'czack56@psu.edu', 2147483647, 'Oeste', 'Hipertencion', NULL, NULL, '2023-11-06'),
(33318636, 'Rodriguez', 'Andrea', 'ggow6p@wsj.com', 1345350507, 'Sur', NULL, NULL, NULL, '2023-07-22'),
(33320633, 'Martinez', 'Yanina', 'wsherewood3z@tripadvisor.com', 2147483647, 'Norte', 'Obesidad', NULL, NULL, '2023-09-22'),
(33333333, 'López', 'Carlos', 'carlos@gmail.com', 2147483647, 'ESTE', 'Alergias', 0, NULL, '2023-01-01'),
(33333334, 'Gutiérrez', 'Isabel', 'isabel@gmail.com', 2147483647, 'OESTE', 'Hipertensión', 0, NULL, '2023-01-01'),
(33333335, 'Moreno', 'Renzo', 'renzo@gmail.com', 2147483647, 'NORTE', NULL, 0, NULL, '2023-01-01'),
(33454878, 'Chazarreta', 'Jose', 'ashimony46@indiatimes.com', 2147483647, 'Oeste', NULL, 1, 0, '2023-10-26'),
(33456725, 'Lopez', 'Roxana', 'sguilfoyle4d@tiny.cc', 2147483647, 'Oeste', 'Diabetes', 0, NULL, '2023-09-19'),
(33466215, 'Chazarreta', 'Yanina', 'imurkuspk@ihg.com', 2147483647, 'Este', 'Diabetes', 0, NULL, '2023-07-01'),
(33547176, 'Perez', 'Eliana', 'ltrouchero3@ask.com', 2121173136, 'Sur', NULL, 0, NULL, '2023-10-09'),
(33553955, 'Martinez', 'Carlos', 'amulleary4w@example.com', 2147483647, 'Este', 'Diabetes', 0, 0, '2023-08-11'),
(33581414, 'Martinez', 'Claudio', 'wpackwood6s@about.com', 2147483647, 'Norte', 'Obesidad', 0, NULL, '2023-10-31'),
(33644268, 'Fernandez', 'Eliana', 'ctroilletie@exblog.jp', 1862016246, 'Este', 'Diabetes', NULL, NULL, '2023-07-27'),
(33650347, 'Martinez', 'Andrea', 'mstockillgm@reverbnation.com', 1609514946, 'Norte', 'Hipertencion', NULL, NULL, '2023-09-03'),
(33739579, 'Fernandez', 'Yanina', 'jpelferfe@nhs.uk', 1403763565, 'Oeste', NULL, 1, NULL, '2023-10-26'),
(33776076, 'Gomez', 'Jose', 'nsarsfieldp@uol.com.br', 2147483647, 'Norte', NULL, NULL, 1, '2023-11-23'),
(33782772, 'Ramirez', 'Julia', 'lbearcroftlw@google.com.au', 2147483647, 'Oeste', NULL, NULL, 0, '2023-08-06'),
(33799239, 'Chazarreta', 'Andrea', 'bmacconneelyen@icio.us', 2147483647, 'Oeste', 'Hipertencion', NULL, NULL, '2023-07-29'),
(33848336, 'Rodriguez', 'Andrea', 'zchartersj1@yolasite.com', 2147483647, 'Sur', NULL, 0, 1, '2023-08-31'),
(33893108, 'Gomez', 'Yanina', 'eavisonht@opera.com', 1676772375, 'Oeste', 'Diabetes', 0, NULL, '2023-10-12'),
(33936249, 'Rodriguez', 'Julia', 'dlockiedh@dyndns.org', 2147483647, 'Norte', NULL, NULL, NULL, '2023-07-10'),
(33950232, 'Perez', 'Claudio', 'jsitlinton5d@xrea.com', 1433403687, 'Oeste', NULL, 1, NULL, '2023-10-28'),
(34002554, 'Gonzalez', 'Julia', 'marnautf@pbs.org', 2147483647, 'Sur', 'Diabetes', NULL, 0, '2023-10-01'),
(34065845, 'Gonzalez', 'Andrea', 'rweedenburgf8@jigsy.com', 2147483647, 'Oeste', 'Hipertencion', NULL, NULL, '2023-10-29'),
(34103095, 'Lopez', 'Claudio', 'tticehurst5a@amazon.co.jp', 2147483647, 'Norte', NULL, 0, 1, '2023-08-14'),
(34182034, 'Gonzalez', 'Martin', 'nmawfordc7@nbcnews.com', 2147483647, 'Oeste', 'Diabetes', NULL, NULL, '2023-10-25'),
(34208894, 'Gutierrez', 'Fernando', 'brackamjl@wordpress.org', 2147483647, 'Este', NULL, NULL, 1, '2023-09-28'),
(34279836, 'Lopez', 'Jose', 'cpablolx@example.com', 2147483647, 'Sur', NULL, NULL, NULL, '2023-10-23'),
(34281966, 'Gonzalez', 'Andrea', 'kspeightgv@bbc.co.uk', 2147483647, 'Sur', 'Asma', NULL, 0, '2023-10-29'),
(34304962, 'Ramirez', 'Roxana', 'tslamaker1x@ifeng.com', 2147483647, 'Norte', NULL, 0, 1, '2023-11-02'),
(34308183, 'Chazarreta', 'Yanina', 'ccristofalolp@mozilla.org', 2147483647, 'Oeste', 'Obesidad', NULL, NULL, '2023-10-22'),
(34343434, 'Suárez', 'Marta', '', 2147483647, 'SUR', 'Alergias', 0, NULL, '2023-01-01'),
(34343435, 'Castillo', 'Gabriela', 'gabriela@gmail.com', 2147483647, '', NULL, 0, NULL, '2023-01-01'),
(34383662, 'Chazarreta', 'Roxana', 'plongbottombx@furl.net', 2147483647, 'Norte', 'Asma', 0, 1, '2023-07-17'),
(34384680, 'Gutierrez', 'Julia', 'arisdaleqw@pbs.org', 2147483647, 'Norte', 'Asma', NULL, NULL, '2023-11-28'),
(34433141, 'Martinez', 'Roxana', 'mblamirejp@aol.com', 2147483647, 'Norte', NULL, 1, NULL, '2023-10-12'),
(34612563, 'Martinez', 'Eliana', 'pbreemfx@qq.com', 2147483647, 'Oeste', 'Obesidad', NULL, NULL, '2023-09-29'),
(34663003, 'Perez', 'Carlos', 'mahmadrr@indiatimes.com', 2147483647, 'Norte', NULL, NULL, NULL, '2023-07-09'),
(34687544, 'Lopez', 'Claudio', 'rspringthorpe3d@nasa.gov', 2147483647, 'Norte', NULL, 0, NULL, '2023-08-21'),
(34744832, 'Lopez', 'Eliana', 'clandal2u@imageshack.us', 2147483647, 'Sur', NULL, 1, NULL, '2023-09-29'),
(34757850, 'Fernandez', 'Eliana', 'aolyunin7g@google.de', 2147483647, 'Norte', NULL, NULL, 1, '2023-08-21'),
(34785269, 'Gonzalez', 'Carlos', 'tmcsparranpe@walmart.com', 2147483647, 'Este', NULL, 0, NULL, '2023-07-06'),
(34827751, 'Gomez', 'Claudio', 'orecord37@delicious.com', 2138165255, 'Oeste', NULL, 0, NULL, '2023-09-17'),
(34873203, 'Gutierrez', 'Carlos', 'rbowie8r@sohu.com', 2147483647, 'Norte', 'Obesidad', 0, 1, '2023-09-21'),
(34882395, 'Lopez', 'Julia', 'tmonktonn@barnesandnoble.com', 2147483647, 'Oeste', 'Obesidad', 0, 0, '2023-09-24'),
(35001364, 'Gomez', 'Julia', 'pwallsje@alexa.com', 2147483647, 'Este', 'Hipertencion', NULL, 1, '2023-07-02'),
(35026741, 'Lopez', 'Roxana', 'nproschkebu@wisc.edu', 2147483647, 'Sur', NULL, NULL, NULL, '2023-08-01'),
(35075155, 'Chazarreta', 'Eliana', 'mmcgaughey4r@imageshack.us', 1116637540, 'Oeste', NULL, 1, 0, '2023-09-20'),
(35094323, 'Ramirez', 'Julia', 'tinstonjb@slideshare.net', 2147483647, 'Norte', NULL, NULL, 0, '2023-09-21'),
(35101191, 'Fernandez', 'Martin', 'nnevill7y@google.it', 2147483647, 'Norte', NULL, 0, NULL, '2023-10-25'),
(35106325, 'Perez', 'Andrea', 'lcoperj2@unc.edu', 2147483647, 'Norte', NULL, NULL, NULL, '2023-07-04'),
(35120121, 'Gutierrez', 'Julia', 'bmcilwreath4h@nih.gov', 2147483647, 'Este', 'Diabetes', 1, NULL, '2023-10-08'),
(35175159, 'Gutierrez', 'Martin', 'tsunners5b@discuz.net', 2147483647, 'Norte', 'Diabetes', NULL, NULL, '2023-11-21'),
(35175722, 'Lopez', 'Julia', 'carborcb@spiegel.de', 2147483647, 'Norte', 'Asma', NULL, 0, '2023-11-29'),
(35237877, 'Rodriguez', 'Julia', 'gwagge4y@go.com', 1473831498, 'Oeste', 'Hipertencion', 1, 1, '2023-07-10'),
(35288084, 'Rodriguez', 'Martin', 'hlibbie30@privacy.gov.au', 2147483647, 'Este', NULL, NULL, 1, '2023-08-13'),
(35340509, 'Fernandez', 'Fernando', 'wtreweela4s@wordpress.com', 2147483647, 'Norte', NULL, NULL, 1, '2023-07-05'),
(35409999, 'Fernandez', 'Martin', 'mblamphinoh@bigcartel.com', 1259164295, 'Oeste', 'Hipertencion', NULL, 1, '2023-10-30'),
(35487793, 'Perez', 'Roxana', 'fsparyt@opera.com', 2147483647, 'Oeste', 'Diabetes', NULL, 1, '2023-08-22'),
(35566423, 'Ramirez', 'Fernando', 'qchetwyndd@hao123.com', 2147483647, 'Oeste', NULL, 1, NULL, '2023-09-14'),
(35616023, 'Ramirez', 'Martin', 'ajoseph1y@businesswire.com', 2147483647, 'Oeste', 'Hipertencion', 1, 0, '2023-08-19'),
(35618682, 'Gonzalez', 'Claudio', 'rpenchenf6@businessinsider.com', 2147483647, 'Oeste', NULL, NULL, 1, '2023-08-27'),
(35671580, 'Perez', 'Claudio', 'lgrestybt@sourceforge.net', 1103044839, 'Norte', NULL, NULL, NULL, '2023-07-04'),
(35692118, 'Ramirez', 'Roxana', 'boconnela@blog.com', 2147483647, 'Norte', 'Diabetes', NULL, NULL, '2023-11-14'),
(35712959, 'Martinez', 'Claudio', 'chanmorel4@bbb.org', 2147483647, 'Norte', NULL, NULL, 1, '2023-07-28'),
(35804196, 'Gutierrez', 'Andrea', 'dstriblingnl@w3.org', 2147483647, 'Oeste', NULL, NULL, NULL, '2023-10-11'),
(35818354, 'Gomez', 'Claudio', 'kduckittj7@accuweather.com', 2147483647, 'Sur', 'Asma', NULL, NULL, '2023-09-04'),
(35874331, 'Perez', 'Roxana', 'lhruse5@wired.com', 2147483647, 'Este', NULL, 1, NULL, '2023-07-03'),
(35895073, 'Rodriguez', 'Jose', 'cschroederft@bloomberg.com', 2147483647, 'Norte', NULL, 0, NULL, '2023-11-11'),
(35941620, 'Martinez', 'Roxana', 'ajohnstone6c@cnet.com', 2147483647, 'Sur', NULL, NULL, 1, '2023-07-30'),
(36005803, 'Gutierrez', 'Eliana', 'djutsonls@boston.com', 2147483647, 'Sur', 'Asma', 0, NULL, '2023-07-22'),
(36127894, 'Gomez', 'Jose', 'hdobinsondg@weebly.com', 2147483647, 'Sur', NULL, 0, NULL, '2023-09-23'),
(36187546, 'Chazarreta', 'Fernando', 'hstoneman72@yelp.com', 2147483647, 'Oeste', NULL, 1, NULL, '2023-09-11'),
(36221450, 'Rodriguez', 'Carlos', 'smachoste5t@arstechnica.com', 2147483647, 'Oeste', 'Asma', NULL, NULL, '2023-07-18'),
(36308642, 'Gomez', 'Yanina', 'uchantillonbi@facebook.com', 2147483647, 'Sur', NULL, NULL, NULL, '2023-10-07'),
(36342866, 'Gonzalez', 'Fernando', 'ocantua73@yandex.ru', 2147483647, 'Este', NULL, NULL, 0, '2023-09-17'),
(36349270, 'Martinez', 'Julia', 'awoodage8v@who.int', 2147483647, 'Oeste', NULL, NULL, NULL, '2023-09-17'),
(36379647, 'Ramirez', 'Carlos', 'hardlingrm@hao123.com', 2147483647, 'Sur', 'Hipertencion', 1, 0, '2023-10-09'),
(36407310, 'Perez', 'Jose', 'talden8i@reuters.com', 2147483647, 'Este', NULL, NULL, NULL, '2023-10-01'),
(36459600, 'Gonzalez', 'Martin', 'srylance1e@about.me', 2147483647, 'Oeste', 'Asma', 0, 1, '2023-08-16'),
(36536308, 'Martinez', 'Eliana', 'ninkerod@kickstarter.com', 2147483647, 'Norte', NULL, 0, NULL, '2023-09-13'),
(36717826, 'Gonzalez', 'Eliana', 'egladdifhk1@baidu.com', 2147483647, 'Este', NULL, 0, 0, '2023-11-19'),
(36800628, 'Perez', 'Fernando', 'ckinanemg@cisco.com', 1369227356, 'Oeste', NULL, 0, NULL, '2023-07-26'),
(36804100, 'Gomez', 'Eliana', 'sdelapq@cbslocal.com', 2147483647, 'Norte', NULL, 0, 0, '2023-10-28'),
(36859247, 'Fernandez', 'Carlos', 'hcollumbinep@utexas.edu', 1693193712, 'Este', NULL, 0, NULL, '2023-11-17'),
(36923467, 'Ramirez', 'Yanina', 'aswetmorecu@ucla.edu', 1798875160, 'Sur', NULL, NULL, 0, '2023-10-06'),
(36958609, 'Chazarreta', 'Roxana', 'nsheirlawhb@nytimes.com', 2147483647, 'Sur', NULL, 1, NULL, '2023-07-06'),
(37044692, 'Gomez', 'Eliana', 'rdemichele6m@ebay.com', 2147483647, 'Este', 'Diabetes', 0, NULL, '2023-08-12'),
(37096097, 'Gomez', 'Carlos', 'gjoridc@soundcloud.com', 2147483647, 'Norte', NULL, 1, 1, '2023-10-16'),
(37153095, 'Fernandez', 'Roxana', 'lsherr1r@furl.net', 2147483647, 'Norte', NULL, NULL, 1, '2023-08-15'),
(37230523, 'Gonzalez', 'Julia', 'ltolworthrb@army.mil', 2147483647, 'Sur', 'Diabetes', 0, 1, '2023-07-15'),
(37233470, 'Rodriguez', 'Roxana', 'sdallin28@storify.com', 2147483647, 'Sur', NULL, NULL, 0, '2023-07-24'),
(37237233, 'Fernandez', 'Eliana', 'fioselev8l@scientificamerican.com', 2147483647, 'Oeste', 'Asma', 1, NULL, '2023-10-27'),
(37239061, 'Lopez', 'Fernando', 'psharrock1g@altervista.org', 2147483647, 'Sur', 'Asma', 1, NULL, '2023-09-25'),
(37244188, 'Perez', 'Roxana', 'cmarjanski9s@sogou.com', 2147483647, 'Oeste', 'Obesidad', NULL, NULL, '2023-07-21'),
(37265848, 'Lopez', 'Andrea', 'tbocklern6@desdev.cn', 2147483647, 'Oeste', 'Hipertencion', 1, NULL, '2023-11-10'),
(37374750, 'Perez', 'Julia', 'umulryane1@t.co', 2147483647, 'Sur', NULL, NULL, 0, '2023-08-18'),
(37390927, 'Ramirez', 'Andrea', 'bjameso@census.gov', 2147483647, 'Oeste', NULL, 0, 0, '2023-08-27'),
(37433870, 'Gonzalez', 'Eliana', 'ibarlasbl@elpais.com', 2147483647, 'Sur', NULL, NULL, NULL, '2023-07-06'),
(37523127, 'Perez', 'Julia', 'dscollanj9@de.vu', 1411120134, 'Norte', NULL, 0, 0, '2023-10-12'),
(37548237, 'Chazarreta', 'Jose', 'gdriverqz@furl.net', 2147483647, 'Este', NULL, 0, 1, '2023-11-01'),
(37556513, 'Gonzalez', 'Claudio', 'mbalmaoc@tinypic.com', 2147483647, 'Oeste', NULL, 0, NULL, '2023-09-19'),
(37556870, 'Lopez', 'Jose', 'lfenwickne@fotki.com', 2147483647, 'Sur', NULL, 0, NULL, '2023-11-11'),
(37616743, 'Ramirez', 'Roxana', 'rlaxsond7@discovery.com', 1496807647, 'Oeste', NULL, NULL, NULL, '2023-11-28'),
(37616860, 'Rodriguez', 'Fernando', 'jcriellymy@cargocollective.com', 2147483647, 'Norte', 'Obesidad', 1, NULL, '2023-10-29'),
(37837624, 'Ramirez', 'Claudio', 'vcoveyec@tripod.com', 2147483647, 'Este', 'Diabetes', 0, NULL, '2023-07-27'),
(37894622, 'Perez', 'Claudio', 'sgreathamer@disqus.com', 2147483647, 'Oeste', NULL, NULL, NULL, '2023-10-22'),
(37922991, 'Gonzalez', 'Julia', 'nwinks98@ezinearticles.com', 1496436900, 'Sur', NULL, 1, NULL, '2023-08-07'),
(37947411, 'Perez', 'Eliana', 'wpolhill6l@amazonaws.com', 2147483647, 'Norte', 'Asma', 0, 0, '2023-07-28'),
(38000541, 'Rodriguez', 'Carlos', 'pwerritrd@foxnews.com', 2147483647, 'Este', 'Obesidad', NULL, NULL, '2023-09-15'),
(38027816, 'Lopez', 'Andrea', 'tfolda7@g.co', 2147483647, 'Norte', 'Diabetes', 0, 1, '2023-10-15'),
(38053899, 'Gomez', 'Claudio', 'nharmarqk@elpais.com', 2054278816, 'Norte', NULL, 1, NULL, '2023-10-31'),
(38057410, 'Chazarreta', 'Jose', 'mmackintoshr0@hugedomains.com', 2147483647, 'Sur', NULL, 1, 0, '2023-07-11'),
(38084873, 'Rodriguez', 'Martin', 'dmauchlinefp@indiegogo.com', 2147483647, 'Este', 'Asma', 0, NULL, '2023-09-08'),
(38175971, 'Perez', 'Carlos', 'kmansonro@ezinearticles.com', 2147483647, 'Este', NULL, 0, NULL, '2023-07-10'),
(38242621, 'Lopez', 'Carlos', 'rbaldencc@bigcartel.com', 2147483647, 'Oeste', 'Asma', 0, 1, '2023-08-28'),
(38287191, 'Gutierrez', 'Carlos', 'bfairbank96@cmu.edu', 2147483647, 'Oeste', NULL, NULL, 1, '2023-07-28'),
(38329624, 'Lopez', 'Yanina', 'drossbrookeka@youtube.com', 2147483647, 'Este', NULL, 0, 1, '2023-08-26'),
(38448982, 'Gonzalez', 'Jose', 'lhobgenfu@creativecommons.org', 2147483647, 'Norte', 'Obesidad', 0, NULL, '2023-11-19'),
(38529304, 'Martinez', 'Julia', 'acrushag@sina.com.cn', 2147483647, 'Norte', NULL, 0, 1, '2023-10-23'),
(38566625, 'Chazarreta', 'Julia', 'klohrensenc6@ustream.tv', 1157574828, 'Norte', 'Diabetes', 0, 1, '2023-09-01'),
(38775376, 'Gonzalez', 'Roxana', 'dknappittk0@photobucket.com', 2147483647, 'Norte', 'Obesidad', 1, NULL, '2023-10-05'),
(38809888, 'Chazarreta', 'Jose', 'dthrussellml@google.pl', 1857963713, 'Sur', NULL, 0, NULL, '2023-10-29'),
(38845345, 'Perez', 'Martin', 'odaulton12@ifeng.com', 2147483647, 'Norte', 'Diabetes', 1, NULL, '2023-07-22'),
(38857281, 'Chazarreta', 'Claudio', 'lcudbertsonjj@people.com.cn', 2147483647, 'Norte', NULL, NULL, 0, '2023-09-13'),
(38930375, 'Lopez', 'Carlos', 'cmachon2q@google.co.uk', 2147483647, 'Sur', NULL, NULL, NULL, '2023-10-16'),
(38976574, 'Gomez', 'Carlos', 'candriss6@parallels.com', 2147483647, 'Este', NULL, 0, NULL, '2023-10-23'),
(39028409, 'Gonzalez', 'Roxana', 'rgekem1@thetimes.co.uk', 1185942874, 'Este', NULL, NULL, NULL, '2023-09-28'),
(39197179, 'Gomez', 'Yanina', 'bfernleym0@unicef.org', 2147483647, 'Oeste', NULL, NULL, 0, '2023-11-11'),
(39237256, 'Lopez', 'Roxana', 'rboyntonh8@soundcloud.com', 1446316432, 'Este', 'Diabetes', NULL, 1, '2023-07-09'),
(39270721, 'Gomez', 'Eliana', 'ljosselsohnbc@chron.com', 2147483647, 'Sur', 'Asma', NULL, 1, '2023-08-10'),
(39331839, 'Gonzalez', 'Jose', 'jsango8f@sciencedaily.com', 1693018969, 'Este', 'Hipertencion', 1, 0, '2023-11-26'),
(39380673, 'Perez', 'Julia', 'pbulliventdb@jalbum.net', 1509121799, 'Oeste', NULL, 1, 1, '2023-09-02'),
(39398458, 'Perez', 'Eliana', 'lcarbinel@godaddy.com', 2147483647, 'Oeste', NULL, 0, NULL, '2023-07-25'),
(39506547, 'Martinez', 'Andrea', 'msnary18@networkadvertising.org', 1163356115, 'Oeste', NULL, 1, 1, '2023-11-14'),
(39560693, 'Lopez', 'Jose', 'amchalerl@ebay.com', 2147483647, 'Este', NULL, 1, NULL, '2023-09-21'),
(39562058, 'Perez', 'Eliana', 'wmoppettlz@sourceforge.net', 2147483647, 'Norte', 'Obesidad', 0, 0, '2023-07-03'),
(39727885, 'Rodriguez', 'Roxana', 'akibardbf@trellian.com', 1698992023, 'Sur', 'Obesidad', 0, NULL, '2023-09-07'),
(39784138, 'Chazarreta', 'Jose', 'cpreddy3i@ted.com', 2147483647, 'Este', 'Diabetes', 0, 1, '2023-11-07'),
(39784918, 'Perez', 'Julia', 'gmcjarrowrq@about.me', 2147483647, 'Norte', NULL, NULL, NULL, '2023-10-14'),
(39791796, 'Perez', 'Jose', 'bwestgatel@a8.net', 2147483647, 'Sur', NULL, NULL, 0, '2023-10-02'),
(39813730, 'Perez', 'Roxana', 'crebouletop@bravesites.com', 2147483647, 'Este', 'Obesidad', NULL, NULL, '2023-11-27'),
(39816770, 'Gonzalez', 'Martin', 'azanneli5p@nba.com', 2147483647, 'Este', 'Asma', 1, 0, '2023-11-23'),
(39979990, 'Martinez', 'Claudio', 'drowcastle65@cnbc.com', 2147483647, 'Sur', NULL, NULL, NULL, '2023-09-07'),
(39984727, 'Gonzalez', 'Yanina', 'etuerenalj@netvibes.com', 2147483647, 'Norte', 'Asma', 0, 1, '2023-10-16'),
(39988215, 'Martinez', 'Yanina', 'pquincedi@oaic.gov.au', 1662257781, 'Sur', 'Hipertencion', NULL, 1, '2023-07-16'),
(40153027, 'Martinez', 'Jose', 'emaylour9t@cnn.com', 2147483647, 'Norte', NULL, NULL, NULL, '2023-11-06'),
(40157499, 'Gomez', 'Andrea', 'wosgarm3@etsy.com', 2147483647, 'Norte', 'Obesidad', 0, 0, '2023-10-27'),
(40180951, 'Lopez', 'Martin', 'jfarncombg@theatlantic.com', 2147483647, 'Norte', 'Obesidad', 1, 0, '2023-09-24'),
(40200133, 'Gomez', 'Claudio', 'llongfut8k@myspace.com', 2147483647, 'Sur', NULL, 1, 1, '2023-08-08'),
(40326497, 'Fernandez', 'Andrea', 'hmapledorumar@gnu.org', 2147483647, 'Sur', 'Diabetes', 0, NULL, '2023-08-21'),
(40389574, 'Fernandez', 'Carlos', 'cleileov@cbslocal.com', 2147483647, 'Este', 'Asma', NULL, NULL, '2023-11-15'),
(40396907, 'Gonzalez', 'Martin', 'golcot7n@mtv.com', 2147483647, 'Sur', 'Asma', 1, NULL, '2023-08-02'),
(40404040, 'Ramos', 'Valeria', 'valeria@gmail.com', 2147483647, '', NULL, 0, NULL, '2023-01-01'),
(40404041, 'Ferreira', 'Facundo', 'facundo@gmail.com', 2147483647, '', 'Alergias', 0, NULL, '2023-01-01'),
(40437612, 'Lopez', 'Jose', 'amcauleyj6@issuu.com', 2147483647, 'Oeste', NULL, NULL, 0, '2023-09-05'),
(40553545, 'Gutierrez', 'Roxana', 'dgamell17@reddit.com', 2147483647, 'Norte', NULL, 0, 1, '2023-09-16'),
(40614106, 'Martinez', 'Fernando', 'emayler94@va.gov', 2147483647, 'Norte', NULL, NULL, NULL, '2023-10-13'),
(40648868, 'Fernandez', 'Carlos', 'mlegrysks@npr.org', 2147483647, 'Norte', NULL, 0, NULL, '2023-09-21'),
(40754495, 'Gonzalez', 'Julia', 'kkinsetfo@apache.org', 2147483647, 'Norte', NULL, 0, 1, '2023-08-02'),
(40828288, 'Rodriguez', 'Yanina', 'dlapthornor@sakura.ne.jp', 2147483647, 'Oeste', 'Hipertencion', 0, 0, '2023-11-05'),
(40896024, 'Gonzalez', 'Carlos', 'mkellingtonog@va.gov', 2147483647, 'Sur', 'Obesidad', 1, 0, '2023-10-05'),
(40898653, 'Fernandez', 'Jose', 'jbastenr@time.com', 2147483647, 'Este', NULL, 0, 0, '2023-07-11'),
(40918611, 'Lopez', 'Yanina', 'fenglishbylh@newyorker.com', 2147483647, 'Sur', NULL, NULL, 1, '2023-09-16'),
(40924444, 'Gutierrez', 'Eliana', 'mmac7u@nbcnews.com', 2147483647, 'Oeste', 'Diabetes', 0, NULL, '2023-07-27'),
(40932626, 'Rodriguez', 'Carlos', 'hpadillahp@ftc.gov', 2147483647, 'Oeste', NULL, NULL, 1, '2023-07-01'),
(40939159, 'Gomez', 'Carlos', 'aulyetk8@people.com.cn', 2147483647, 'Este', NULL, 0, NULL, '2023-08-06'),
(40943882, 'Lopez', 'Martin', 'kaickinh@360.cn', 2147483647, 'Este', NULL, NULL, NULL, '2023-10-28'),
(40947869, 'Gutierrez', 'Roxana', 'mwetheyjx@nbcnews.com', 2147483647, 'Sur', 'Asma', NULL, 0, '2023-09-08'),
(40950343, 'Gonzalez', 'Jose', 'kcasemore4e@vk.com', 1772489075, 'Sur', NULL, NULL, NULL, '2023-07-27'),
(41118092, 'Gomez', 'Julia', 'mkuncg1@studiopress.com', 2147483647, 'Este', 'Hipertencion', 0, NULL, '2023-07-14'),
(41127389, 'Chazarreta', 'Eliana', 'sjachimakfh@springer.com', 2147483647, 'Norte', NULL, NULL, 0, '2023-11-25'),
(41196793, 'Lopez', 'Eliana', 'sweatherallc3@dagondesign.com', 2147483647, 'Norte', NULL, 0, 0, '2023-09-13'),
(41232192, 'Gutierrez', 'Eliana', 'melphick78@elpais.com', 2147483647, 'Sur', NULL, NULL, 1, '2023-10-17'),
(41236182, 'Martinez', 'Andrea', 'samottgs@hp.com', 2147483647, 'Norte', NULL, NULL, 0, '2023-07-31'),
(41258311, 'Lopez', 'Andrea', 'kmouseob@ehow.com', 2147483647, 'Este', 'Hipertencion', NULL, NULL, '2023-08-06'),
(41269178, 'Gomez', 'Julia', 'cdoreward5l@va.gov', 2147483647, 'Norte', NULL, NULL, NULL, '2023-11-17'),
(41271661, 'Fernandez', 'Eliana', 'nbilsford26@tumblr.com', 2147483647, 'Sur', 'Obesidad', 0, NULL, '2023-09-23'),
(41285991, 'Chazarreta', 'Yanina', 'rpitkeathlyon@themeforest.net', 2147483647, 'Sur', NULL, 1, 1, '2023-08-22'),
(41334361, 'Lopez', 'Eliana', 'cpetrelloln@mail.ru', 2147483647, 'Este', 'Hipertencion', 0, 0, '2023-07-24'),
(41372379, 'Fernandez', 'Julia', 'mslocombein@ebay.co.uk', 2147483647, 'Este', NULL, 1, 1, '2023-08-08'),
(41450775, 'Gutierrez', 'Claudio', 'mbeamsones@bloomberg.com', 2147483647, 'Sur', NULL, 1, NULL, '2023-11-03'),
(41453178, 'Rodriguez', 'Martin', 'conionnb@w3.org', 2147483647, 'Este', 'Hipertencion', NULL, 1, '2023-08-09'),
(41517137, 'Martinez', 'Yanina', 'smanicom1i@so-net.ne.jp', 2147483647, 'Este', 'Hipertencion', NULL, NULL, '2023-07-23'),
(41645483, 'Gomez', 'Jose', 'fmethamhf@ezinearticles.com', 2147483647, 'Sur', NULL, NULL, 1, '2023-11-02'),
(41669128, 'Gomez', 'Julia', 'rdurnell8j@google.es', 2147483647, 'Este', 'Hipertencion', 1, NULL, '2023-10-05'),
(41739229, 'Chazarreta', 'Jose', 'etandeyio@biglobe.ne.jp', 2147483647, 'Norte', 'Hipertencion', 0, 0, '2023-09-02'),
(41844417, 'Gomez', 'Fernando', 'mrozyckiq@geocities.jp', 2147483647, 'Oeste', 'Obesidad', NULL, NULL, '2023-10-12'),
(41863881, 'Gutierrez', 'Eliana', 'cogilvynw@storify.com', 2147483647, 'Oeste', NULL, 1, NULL, '2023-09-09'),
(41896876, 'Lopez', 'Carlos', 'kdacca5x@techcrunch.com', 2147483647, 'Oeste', 'Asma', NULL, 1, '2023-08-27'),
(41921939, 'Rodriguez', 'Roxana', 'chebbesc1@bandcamp.com', 2147483647, 'Sur', NULL, 1, 0, '2023-10-03'),
(41935666, 'Lopez', 'Julia', 'mdrabblen8@tuttocitta.it', 2147483647, 'Este', NULL, NULL, NULL, '2023-08-27'),
(41965934, 'Perez', 'Jose', 'mshippard6@acquirethisname.com', 2147483647, 'Norte', NULL, 0, NULL, '2023-09-16'),
(41978140, 'Gomez', 'Yanina', 'mwhileho@macromedia.com', 2147483647, 'Sur', NULL, 0, 1, '2023-07-03'),
(41982089, 'Gomez', 'Jose', 'smaddral6@tumblr.com', 2147483647, 'Sur', NULL, NULL, NULL, '2023-10-26'),
(42015010, 'Fernandez', 'Eliana', 'htesh99@patch.com', 2147483647, 'Oeste', NULL, 1, NULL, '2023-11-15'),
(42072551, 'Chazarreta', 'Carlos', 'gcolliver3v@wufoo.com', 2147483647, 'Oeste', NULL, 1, NULL, '2023-11-02'),
(42151248, 'Martinez', 'Andrea', 'rmace5h@histats.com', 2147483647, 'Oeste', 'Obesidad', 0, NULL, '2023-11-19'),
(42257600, 'Fernandez', 'Roxana', 'cpomfret9i@reverbnation.com', 2147483647, 'Norte', 'Diabetes', NULL, NULL, '2023-08-11'),
(42301748, 'Martinez', 'Roxana', 'eokuddyhyk@rambler.ru', 2147483647, 'Norte', NULL, NULL, 0, '2023-08-03'),
(42404027, 'Chazarreta', 'Carlos', 'dskerritt16@artisteer.com', 2147483647, 'Norte', NULL, 1, 0, '2023-07-09'),
(42453759, 'Gomez', 'Fernando', 'emagowannz@reuters.com', 2147483647, 'Oeste', 'Hipertencion', NULL, NULL, '2023-08-18'),
(42464594, 'Martinez', 'Jose', 'btawseoz@ow.ly', 2147483647, 'Oeste', NULL, NULL, NULL, '2023-10-21'),
(42543616, 'Perez', 'Martin', 'peglingtonlt@bbc.co.uk', 2147483647, 'Sur', 'Obesidad', NULL, 1, '2023-11-18'),
(42586086, 'Gomez', 'Yanina', 'lmordaunt34@miitbeian.gov.cn', 2147483647, 'Este', NULL, 0, NULL, '2023-09-14'),
(42632235, 'Ramirez', 'Fernando', 'adaultondz@paypal.com', 2087879070, 'Norte', NULL, 1, NULL, '2023-08-27'),
(42639684, 'Gutierrez', 'Andrea', 'cwilcinskisfw@fc2.com', 2147483647, 'Sur', 'Diabetes', NULL, 0, '2023-11-23'),
(42662549, 'Gomez', 'Andrea', 'melietu@ucoz.com', 1938096365, 'Norte', 'Diabetes', 1, NULL, '2023-11-21'),
(42676068, 'Martinez', 'Claudio', 'pmalbonq9@ucsd.edu', 2147483647, 'Oeste', NULL, 1, NULL, '2023-09-14'),
(42718098, 'Martinez', 'Yanina', 'edrakeleybp@google.ca', 2147483647, 'Norte', NULL, NULL, NULL, '2023-09-15'),
(42756853, 'Gutierrez', 'Carlos', 'ncunnah71@yale.edu', 2147483647, 'Norte', NULL, 1, 0, '2023-11-25'),
(42758870, 'Fernandez', 'Carlos', 'hmouthic@sciencedaily.com', 2147483647, 'Este', NULL, NULL, NULL, '2023-10-14'),
(42777328, 'Chazarreta', 'Fernando', 'bpuddicombe1d@hatena.ne.jp', 2147483647, 'Sur', 'Hipertencion', 1, 0, '2023-09-30'),
(42783864, 'Rodriguez', 'Martin', 'kechalieff@jugem.jp', 2147483647, 'Oeste', 'Hipertencion', 0, NULL, '2023-08-31'),
(42852405, 'Ramirez', 'Fernando', 'qmiliusph@blog.com', 2147483647, 'Norte', 'Diabetes', 1, NULL, '2023-07-07'),
(42858233, 'Rodriguez', 'Roxana', 'wrangallaa@t-online.de', 2147483647, 'Sur', NULL, NULL, 1, '2023-07-20'),
(42885055, 'Gutierrez', 'Martin', 'amcmillam84@google.ca', 2147483647, 'Oeste', NULL, NULL, NULL, '2023-07-21'),
(42914393, 'Gomez', 'Jose', 'cmuldowniefi@businessinsider.com', 2147483647, 'Oeste', 'Asma', 1, 0, '2023-07-16'),
(42922555, 'Fernandez', 'Martin', 'ascotneyf0@bigcartel.com', 2147483647, 'Este', NULL, NULL, 0, '2023-09-09'),
(42938065, 'Rodriguez', 'Jose', 'pdodimead6h@sohu.com', 2147483647, 'Este', NULL, NULL, NULL, '2023-11-28'),
(43227215, 'Ramirez', 'Julia', 'tharowerf9@google.com.au', 2147483647, 'Oeste', NULL, 1, NULL, '2023-11-23'),
(43259983, 'Chazarreta', 'Yanina', 'hbashamk3@weebly.com', 2147483647, 'Norte', 'Asma', 0, 1, '2023-11-01'),
(43320752, 'Rodriguez', 'Julia', 'rouldcottr2@nasa.gov', 2147483647, 'Sur', NULL, NULL, 1, '2023-08-17'),
(43348909, 'Lopez', 'Claudio', 'dlowdes4p@reference.com', 2147483647, 'Norte', NULL, 1, NULL, '2023-07-10'),
(43452315, 'Gonzalez', 'Carlos', 'pwytchard2e@nyu.edu', 2147483647, 'Sur', NULL, 1, 1, '2023-08-21'),
(43530921, 'Perez', 'Yanina', 'oitzkinq0@microsoft.com', 1213901886, 'Norte', NULL, NULL, 1, '2023-07-21'),
(43537063, 'Gonzalez', 'Yanina', 'uleverich2w@bandcamp.com', 2147483647, 'Norte', 'Hipertencion', 0, NULL, '2023-08-17'),
(43701297, 'Ramirez', 'Roxana', 'tgalsworthyhr@reference.com', 2147483647, 'Oeste', NULL, 1, 1, '2023-11-27'),
(43702549, 'Lopez', 'Carlos', 'hcaughey5y@flavors.me', 2147483647, 'Oeste', 'Obesidad', NULL, 0, '2023-08-06'),
(43828940, 'Lopez', 'Eliana', 'jbrighteyi4@hud.gov', 2147483647, 'Este', 'Hipertencion', 1, NULL, '2023-08-10'),
(43854353, 'Perez', 'Yanina', 'cstlegerb2@infoseek.co.jp', 2044271231, 'Oeste', NULL, 0, NULL, '2023-10-16'),
(43944782, 'Gomez', 'Jose', 'krapier7c@state.tx.us', 2147483647, 'Este', 'Diabetes', NULL, 1, '2023-11-22'),
(43969508, 'Lopez', 'Eliana', 'wedesd8@weather.com', 2147483647, 'Este', 'Obesidad', 0, NULL, '2023-10-05'),
(43969791, 'Martinez', 'Eliana', 'ncostellow47@bloomberg.com', 2147483647, 'Norte', NULL, NULL, 1, '2023-10-28'),
(44134449, 'Rodriguez', 'Julia', 'loldroyde4a@virginia.edu', 2147483647, 'Este', 'Obesidad', NULL, 0, '2023-11-09'),
(44230868, 'Chazarreta', 'Andrea', 'tmashamgi@feedburner.com', 2147483647, 'Oeste', NULL, NULL, NULL, '2023-07-20'),
(44291240, 'Fernandez', 'Carlos', 'omattiazzijr@purevolume.com', 2147483647, 'Este', NULL, 1, NULL, '2023-08-11'),
(44444444, 'Rodríguez', 'Ana', 'ana@gmail.com', 2147483647, '', 'Hipertensión', 0, NULL, '2023-01-01'),
(44444446, 'Ríos', 'Catalina', 'catalina@gmail.com', 2147483647, '', NULL, 0, NULL, '2023-01-01'),
(44574127, 'Martinez', 'Claudio', 'elandal5c@phoca.cz', 1443779931, 'Sur', NULL, 0, 0, '2023-10-08'),
(44584873, 'Gomez', 'Carlos', 'bcornilsmk@alexa.com', 1808408727, 'Sur', NULL, 1, NULL, '2023-10-16'),
(44586805, 'Gonzalez', 'Roxana', 'ecalverto7@deliciousdays.com', 2147483647, 'Sur', 'Hipertencion', 0, 0, '2023-11-23'),
(44598695, 'Gomez', 'Andrea', 'ebircher3f@google.com.au', 2147483647, 'Norte', NULL, 0, NULL, '2023-11-07'),
(44612363, 'Perez', 'Andrea', 'kgoodbarr5o@github.com', 2147483647, 'Norte', NULL, NULL, NULL, '2023-11-19'),
(44647528, 'Martinez', 'Jose', 'fdurrettrj@globo.com', 2147483647, 'Oeste', 'Asma', 1, 0, '2023-09-12'),
(44650171, 'Gutierrez', 'Eliana', 'lbriat4f@samsung.com', 2147483647, 'Norte', NULL, NULL, NULL, '2023-09-05'),
(44668280, 'Ramirez', 'Eliana', 'rlandejw@quantcast.com', 2147483647, 'Oeste', NULL, NULL, NULL, '2023-09-28'),
(44696569, 'Perez', 'Yanina', 'cseignior6q@sun.com', 2147483647, 'Sur', 'Hipertencion', 1, NULL, '2023-11-14'),
(44864709, 'Gutierrez', 'Jose', 'ghowled4@mozilla.org', 2147483647, 'Oeste', NULL, NULL, NULL, '2023-10-16'),
(44866641, 'Lopez', 'Yanina', 'hhauckf5@howstuffworks.com', 2147483647, 'Sur', NULL, 0, NULL, '2023-08-08'),
(44872921, 'Ramirez', 'Roxana', 'mbischof1u@yahoo.co.jp', 2147483647, 'Norte', 'Diabetes', 0, NULL, '2023-10-27'),
(44893262, 'Rodriguez', 'Yanina', 'hbaldocci4k@businessinsider.com', 2147483647, 'Norte', 'Diabetes', NULL, 1, '2023-09-25'),
(44933340, 'Gomez', 'Fernando', 'malnerl2@yolasite.com', 2147483647, 'Oeste', 'Asma', NULL, 1, '2023-11-11'),
(44968952, 'Fernandez', 'Eliana', 'bdesantosfy@ftc.gov', 1227354984, 'Sur', 'Diabetes', 1, NULL, '2023-11-04'),
(44990075, 'Martinez', 'Claudio', 'mlengthorn13@printfriendly.com', 2147483647, 'Este', NULL, NULL, NULL, '2023-10-02'),
(45008017, 'Lopez', 'Fernando', 'lbenkheia@example.com', 2147483647, 'Norte', NULL, 1, NULL, '2023-08-12'),
(45143025, 'Gutierrez', 'Roxana', 'wclayhilldl@mail.ru', 2147483647, 'Oeste', NULL, 1, NULL, '2023-11-23'),
(45357262, 'Gomez', 'Andrea', 'hstuddeardt@miibeian.gov.cn', 1969361140, 'Sur', 'Hipertencion', NULL, NULL, '2023-10-06'),
(45357943, 'Fernandez', 'Roxana', 'escotchmurjm@omniture.com', 1659804643, 'Sur', NULL, 0, 1, '2023-10-16'),
(45454545, 'Flores', 'Andrés', 'andres@gmail.com', 2147483647, '', 'Asma', 0, NULL, '2023-01-01'),
(45454546, 'Hernández', 'Joaquín', 'joaquin@gmail.com', 2147483647, '', 'Diabetes', 0, NULL, '2023-01-01'),
(45523215, 'Martinez', 'Yanina', 'stravers7l@cbsnews.com', 2147483647, 'Oeste', NULL, NULL, NULL, '2023-10-21'),
(45614269, 'Fernandez', 'Julia', 'kallcoatl3@odnoklassniki.ru', 2147483647, 'Oeste', NULL, NULL, NULL, '2023-09-03'),
(45687210, 'Lopez', 'Claudio', 'cnorthern2r@freewebs.com', 1928949744, 'Norte', NULL, 0, NULL, '2023-07-19'),
(45722482, 'Ramirez', 'Roxana', 'btosney4i@com.com', 2147483647, 'Este', NULL, NULL, NULL, '2023-09-28'),
(45804494, 'Gomez', 'Fernando', 'hgribbon1f@rambler.ru', 2147483647, 'Norte', NULL, 1, NULL, '2023-07-28'),
(45822438, 'Perez', 'Eliana', 'epennonec@princeton.edu', 2147483647, 'Oeste', 'Diabetes', 1, NULL, '2023-08-09'),
(45859993, 'Chazarreta', 'Fernando', 'rcastletinehx@nih.gov', 2147483647, 'Este', 'Asma', 1, NULL, '2023-09-08'),
(45881492, 'Fernandez', 'Carlos', 'dgouny93@wikispaces.com', 2147483647, 'Este', NULL, NULL, 1, '2023-07-24'),
(45892958, 'Rodriguez', 'Andrea', 'rsigwardf3@china.com.cn', 2147483647, 'Sur', 'Obesidad', 0, NULL, '2023-07-09'),
(45973331, 'Gomez', 'Yanina', 'eettridge4b@wix.com', 2147483647, 'Sur', NULL, NULL, NULL, '2023-11-22'),
(46061421, 'Chazarreta', 'Andrea', 'pmcgibbonrk@engadget.com', 2147483647, 'Este', 'Asma', NULL, 1, '2023-10-05'),
(46100234, 'Gutierrez', 'Roxana', 'eriddifordx@canalblog.com', 2147483647, 'Norte', NULL, NULL, 0, '2023-07-06'),
(46127480, 'Martinez', 'Yanina', 'mlombgd@bbc.co.uk', 2147483647, 'Oeste', NULL, NULL, NULL, '2023-10-05'),
(46137121, 'Chazarreta', 'Roxana', 'boiseauqc@list-manage.com', 2147483647, 'Oeste', NULL, 1, 1, '2023-10-09'),
(46234815, 'Perez', 'Andrea', 'rghirigorihh@mapy.cz', 2147483647, 'Oeste', 'Diabetes', 0, NULL, '2023-08-26'),
(46236889, 'Gomez', 'Roxana', 'scasse4@shinystat.com', 2147483647, 'Oeste', NULL, 1, NULL, '2023-07-05'),
(46243689, 'Lopez', 'Martin', 'mwedgwoodnc@slideshare.net', 2147483647, 'Norte', NULL, NULL, 1, '2023-07-13'),
(46269714, 'Perez', 'Yanina', 'bjahnischcr@bloglovin.com', 2147483647, 'Sur', 'Hipertencion', NULL, NULL, '2023-07-28'),
(46275019, 'Gutierrez', 'Jose', 'sbevar4q@sitemeter.com', 2147483647, 'Norte', NULL, 1, NULL, '2023-07-17'),
(46410006, 'Ramirez', 'Andrea', 'kchevina0@ted.com', 2147483647, 'Sur', NULL, 1, 1, '2023-09-11'),
(46443702, 'Martinez', 'Jose', 'cfairhead5m@apache.org', 2147483647, 'Este', NULL, 1, 1, '2023-11-12'),
(46447170, 'Lopez', 'Carlos', 'klambertikc@wikispaces.com', 2147483647, 'Oeste', NULL, NULL, 0, '2023-11-21'),
(46518934, 'Martinez', 'Julia', 'brobertz85@goo.gl', 2147483647, 'Oeste', 'Asma', 0, 0, '2023-08-22'),
(46530818, 'Ramirez', 'Roxana', 'wmccrackema9@blogs.com', 2147483647, 'Norte', NULL, NULL, NULL, '2023-08-11'),
(46538610, 'Martinez', 'Carlos', 'kstofferb0@go.com', 2147483647, 'Este', NULL, NULL, NULL, '2023-10-16'),
(46548008, 'Rodriguez', 'Yanina', 'adurradc0@state.gov', 1521045826, 'Este', 'Obesidad', NULL, 1, '2023-11-02'),
(46556006, 'Gomez', 'Andrea', 'nbernardellimx@hud.gov', 2147483647, 'Oeste', NULL, 1, 1, '2023-10-14'),
(46593463, 'Gonzalez', 'Julia', 'odurdyay@w3.org', 1215495159, 'Norte', NULL, 0, 0, '2023-09-11');
INSERT INTO `ciudadano` (`dni`, `apellido`, `nombre`, `email`, `celular`, `zona`, `patologia`, `ambitoTrabajo`, `deRiesgo`, `FechaInscripcion`) VALUES
(46708252, 'Gutierrez', 'Yanina', 'mvernallqx@accuweather.com', 2147483647, 'Oeste', NULL, 0, NULL, '2023-08-24'),
(46783241, 'Ramirez', 'Yanina', 'brosenboim4u@dot.gov', 2147483647, 'Este', 'Diabetes', 0, NULL, '2023-08-17'),
(46785694, 'Perez', 'Julia', 'iraycroft69@unicef.org', 2147483647, 'Oeste', 'Diabetes', 0, 0, '2023-07-11'),
(46797635, 'Rodriguez', 'Carlos', 'mlinnerkh@tripadvisor.com', 2147483647, 'Norte', 'Obesidad', NULL, NULL, '2023-08-17'),
(46833612, 'Lopez', 'Fernando', 'tcutsforth7@phoca.cz', 2147483647, 'Sur', NULL, 0, 1, '2023-07-06'),
(46837331, 'Martinez', 'Julia', 'clodod3@utexas.edu', 2147483647, 'Sur', NULL, NULL, 1, '2023-08-07'),
(46873155, 'Gutierrez', 'Martin', 'vadnams4@tripadvisor.com', 2147483647, 'Oeste', 'Obesidad', 1, NULL, '2023-10-03'),
(46910538, 'Gomez', 'Eliana', 'ystorrs9x@merriam-webster.com', 2147483647, 'Norte', 'Obesidad', 0, NULL, '2023-09-29'),
(47006964, 'Martinez', 'Andrea', 'mjanewni@craigslist.org', 2147483647, 'Este', NULL, 0, 1, '2023-07-04'),
(47025252, 'Gutierrez', 'Jose', 'wlocksleybm@wisc.edu', 2147483647, 'Sur', NULL, 1, 1, '2023-07-18'),
(47048607, 'Fernandez', 'Roxana', 'mlathwelldx@blogspot.com', 2147483647, 'Oeste', NULL, 1, 0, '2023-07-23'),
(47108459, 'Martinez', 'Yanina', 'singemj@miitbeian.gov.cn', 2147483647, 'Norte', NULL, 0, NULL, '2023-07-28'),
(47167667, 'Gomez', 'Julia', 'tfarquarnd@ox.ac.uk', 2147483647, 'Sur', NULL, 0, 0, '2023-09-16'),
(47225636, 'Perez', 'Martin', 'fduckhamnq@amazon.co.jp', 2147483647, 'Este', NULL, NULL, 1, '2023-10-13'),
(47252788, 'Fernandez', 'Eliana', 'cdingew@instagram.com', 2147483647, 'Sur', NULL, NULL, 1, '2023-10-10'),
(47303824, 'Rodriguez', 'Fernando', 'mlauaw@multiply.com', 2147483647, 'Norte', NULL, NULL, 0, '2023-10-21'),
(47361145, 'Ramirez', 'Carlos', 'wcomiskey19@squarespace.com', 1412115477, 'Sur', 'Hipertencion', 0, NULL, '2023-09-20'),
(47403651, 'Chazarreta', 'Carlos', 'gchessillp0@guardian.co.uk', 2147483647, 'Norte', 'Diabetes', NULL, NULL, '2023-11-03'),
(47555840, 'Fernandez', 'Roxana', 'bdonaherfm@com.com', 2147483647, 'Oeste', NULL, 1, NULL, '2023-11-26'),
(47563234, 'Martinez', 'Yanina', 'csifleet2y@techcrunch.com', 2147483647, 'Oeste', NULL, NULL, 1, '2023-09-25'),
(47624074, 'Ramirez', 'Jose', 'bantragex@youtu.be', 2147483647, 'Este', NULL, NULL, 1, '2023-07-13'),
(47712880, 'Perez', 'Martin', 'tcust6i@pinterest.com', 2147483647, 'Este', 'Hipertencion', NULL, 0, '2023-09-07'),
(47718950, 'Gutierrez', 'Fernando', 'gseemanlv@furl.net', 2147483647, 'Este', NULL, NULL, NULL, '2023-11-14'),
(47853002, 'Gonzalez', 'Claudio', 'aarnatt8@booking.com', 2147483647, 'Oeste', NULL, NULL, 1, '2023-10-14'),
(47915708, 'Gutierrez', 'Carlos', 'mantonioudn@uol.com.br', 2147483647, 'Sur', 'Asma', NULL, NULL, '2023-09-19'),
(47957972, 'Martinez', 'Yanina', 'wambrogi19@webeden.co.uk', 1019855316, 'Este', NULL, 1, NULL, '2023-07-04'),
(48040470, 'Martinez', 'Jose', 'rwonfar55@prweb.com', 2147483647, 'Norte', NULL, 0, NULL, '2023-09-03'),
(48144124, 'Rodriguez', 'Jose', 'lpottberrya@privacy.gov.au', 2147483647, 'Oeste', NULL, 0, NULL, '2023-10-13'),
(48236921, 'Lopez', 'Carlos', 'rlathleiffure1@newsvine.com', 2147483647, 'Oeste', NULL, NULL, NULL, '2023-11-09'),
(48403777, 'Gomez', 'Fernando', 'akliemanng3@whitehouse.gov', 2147483647, 'Este', 'Obesidad', 0, NULL, '2023-10-12'),
(48415637, 'Gutierrez', 'Julia', 'kgoodliff23@skype.com', 1581315509, 'Este', NULL, 0, 0, '2023-08-29'),
(48458281, 'Martinez', 'Martin', 'rlambertciorwyn7m@sciencedaily.com', 2147483647, 'Norte', 'Hipertencion', NULL, NULL, '2023-08-02'),
(48489241, 'Gomez', 'Martin', 'hmcevonhn@posterous.com', 1723183735, 'Norte', 'Diabetes', NULL, 1, '2023-07-20'),
(48503330, 'Chazarreta', 'Julia', 'cpendletonig@ca.gov', 2147483647, 'Este', NULL, 1, NULL, '2023-11-25'),
(48538615, 'Perez', 'Julia', 'awetherheadbk@japanpost.jp', 2147483647, 'Norte', 'Asma', NULL, NULL, '2023-07-10'),
(48588843, 'Ramirez', 'Jose', 'grestall6u@pbs.org', 2147483647, 'Sur', NULL, 1, NULL, '2023-11-22'),
(48731997, 'Rodriguez', 'Julia', 'hclendinningok@mozilla.org', 1305510317, 'Oeste', 'Diabetes', 0, 0, '2023-07-15'),
(48801998, 'Gutierrez', 'Fernando', 'ashadrackkd@skype.com', 2147483647, 'Este', NULL, NULL, 0, '2023-08-30'),
(48849506, 'Lopez', 'Jose', 'lelverstonekr@dailymail.co.uk', 1364720784, 'Norte', NULL, 1, 1, '2023-11-18'),
(48935487, 'Gonzalez', 'Eliana', 'tantonikjn@cnet.com', 2147483647, 'Este', NULL, NULL, NULL, '2023-09-22'),
(49064437, 'Martinez', 'Fernando', 'saimsonld@cocolog-nifty.com', 2147483647, 'Oeste', NULL, 1, NULL, '2023-11-22'),
(49084202, 'Gutierrez', 'Carlos', 'strahairqe@youku.com', 2147483647, 'Sur', 'Diabetes', 0, NULL, '2023-08-26'),
(49088591, 'Rodriguez', 'Roxana', 'hhellin1a@ftc.gov', 2147483647, 'Este', 'Diabetes', 1, NULL, '2023-08-29'),
(49109121, 'Fernandez', 'Jose', 'glohering4c@ihg.com', 2147483647, 'Sur', NULL, NULL, 1, '2023-07-03'),
(49127883, 'Martinez', 'Claudio', 'dghidottiqt@youtu.be', 2147483647, 'Sur', NULL, 0, 0, '2023-08-14'),
(49130883, 'Perez', 'Julia', 'sjoder6k@bloglovin.com', 2147483647, 'Sur', NULL, 1, 0, '2023-08-16'),
(49258647, 'Rodriguez', 'Carlos', 'mbittlestoneez@about.me', 2147483647, 'Sur', NULL, NULL, 1, '2023-08-02'),
(49261287, 'Gomez', 'Julia', 'rharppd@theguardian.com', 2147483647, 'Sur', NULL, NULL, 0, '2023-07-10'),
(49399792, 'Lopez', 'Jose', 'mtuminellijv@stumbleupon.com', 1125830868, 'Este', 'Diabetes', 0, 0, '2023-09-30'),
(49443302, 'Lopez', 'Roxana', 'mchestney2k@quantcast.com', 2147483647, 'Sur', NULL, 1, 0, '2023-09-23'),
(49464925, 'Gomez', 'Martin', 'karnholdtn2@pcworld.com', 2147483647, 'Este', 'Asma', 1, NULL, '2023-07-07'),
(49474499, 'Lopez', 'Eliana', 'knewsham87@indiatimes.com', 2147483647, 'Oeste', NULL, NULL, NULL, '2023-11-05'),
(49536551, 'Perez', 'Martin', 'gdudmandu@wikispaces.com', 2147483647, 'Este', NULL, 0, NULL, '2023-08-14'),
(49562345, 'Chazarreta', 'Fernando', 'tmivalpj@home.pl', 2147483647, 'Oeste', 'Obesidad', 1, 0, '2023-09-27'),
(49565306, 'Chazarreta', 'Andrea', 'kvanyashkinw@google.com.au', 2147483647, 'Sur', NULL, NULL, 0, '2023-09-26'),
(49577761, 'Gomez', 'Jose', 'escuffham5f@blogs.com', 2147483647, 'Este', NULL, 1, NULL, '2023-09-26'),
(49598045, 'Martinez', 'Yanina', 'ivanneto8@hc360.com', 1314573047, 'Oeste', NULL, NULL, NULL, '2023-08-21'),
(49715793, 'Gonzalez', 'Roxana', 'jbinks9@microsoft.com', 2147483647, 'Este', NULL, NULL, NULL, '2023-08-18'),
(49890253, 'Rodriguez', 'Carlos', 'mduckwithnm@samsung.com', 1041583182, 'Sur', NULL, 1, 1, '2023-07-28'),
(49902458, 'Rodriguez', 'Fernando', 'gaugergh@hexun.com', 2147483647, 'Oeste', NULL, NULL, 1, '2023-07-22'),
(49951910, 'Chazarreta', 'Claudio', 'gerreybn@biglobe.ne.jp', 2147483647, 'Este', 'Hipertencion', NULL, NULL, '2023-07-23'),
(49953410, 'Chazarreta', 'Fernando', 'twhopplesb8@vkontakte.ru', 2147483647, 'Sur', NULL, 1, NULL, '2023-10-14'),
(50103707, 'Martinez', 'Eliana', 'mshaulip@themeforest.net', 2147483647, 'Sur', NULL, 1, 0, '2023-10-13'),
(50182665, 'Rodriguez', 'Claudio', 'qwillerslm@wired.com', 2147483647, 'Norte', 'Hipertencion', NULL, 1, '2023-08-30'),
(50221625, 'Gomez', 'Martin', 'gcarassq5@foxnews.com', 2147483647, 'Sur', 'Obesidad', NULL, 1, '2023-08-27'),
(50258255, 'Rodriguez', 'Jose', 'ecaddellqq@samsung.com', 1337880715, 'Este', 'Obesidad', 1, NULL, '2023-08-05'),
(50326835, 'Fernandez', 'Andrea', 'cbrolechanm5@reference.com', 2147483647, 'Sur', 'Asma', 1, NULL, '2023-08-31'),
(50329070, 'Martinez', 'Andrea', 'ohaythi7@oakley.com', 1693517905, 'Oeste', 'Hipertencion', NULL, NULL, '2023-07-19'),
(50388805, 'Gutierrez', 'Jose', 'thurtonbo@twitpic.com', 1544213365, 'Oeste', 'Asma', 0, 0, '2023-11-24'),
(50505050, 'Castro', 'Emilio', 'emilio@gmail.com', 2147483647, '', 'Hipertensión', 0, NULL, '2023-01-01'),
(50505051, 'Cardozo', 'Antonella', 'antonella@gmail.com', 2147483647, '', NULL, 0, NULL, '2023-01-01'),
(50518419, 'Rodriguez', 'Claudio', 'ljeakins24@ted.com', 2147483647, 'Oeste', 'Hipertencion', NULL, 1, '2023-09-01'),
(50522585, 'Lopez', 'Jose', 'ddibiaggi8x@twitter.com', 2147483647, 'Norte', NULL, 1, 1, '2023-11-09'),
(50538409, 'Martinez', 'Roxana', 'satthowect@mapy.cz', 2147483647, 'Este', 'Obesidad', NULL, NULL, '2023-09-26'),
(50614697, 'Gonzalez', 'Eliana', 'cscutcheonq8@ucoz.ru', 2147483647, 'Oeste', NULL, NULL, 1, '2023-11-04'),
(50702268, 'Martinez', 'Andrea', 'irawstornq1@tumblr.com', 1748285400, 'Oeste', NULL, NULL, 0, '2023-11-28'),
(50720912, 'Rodriguez', 'Andrea', 'edraycottz@tinypic.com', 2147483647, 'Sur', NULL, 0, 0, '2023-07-15'),
(50738673, 'Rodriguez', 'Julia', 'jcarroduslf@studiopress.com', 2147483647, 'Norte', NULL, 0, NULL, '2023-08-14'),
(50774044, 'Gonzalez', 'Julia', 'aspilstedal@nba.com', 2147483647, 'Este', 'Diabetes', NULL, NULL, '2023-07-23'),
(50905265, 'Rodriguez', 'Eliana', 'avesty1c@t.co', 2147483647, 'Oeste', 'Diabetes', NULL, NULL, '2023-08-11'),
(50961537, 'Ramirez', 'Fernando', 'ischuchmacherae@ebay.com', 1356991528, 'Este', 'Asma', NULL, 1, '2023-11-21'),
(50964471, 'Lopez', 'Roxana', 'gdibiasics@yellowbook.com', 2147483647, 'Oeste', NULL, NULL, 1, '2023-11-11'),
(51030911, 'Chazarreta', 'Claudio', 'eschwanden3t@pagesperso-orange.fr', 2147483647, 'Sur', 'Hipertencion', 0, 0, '2023-08-20'),
(51129770, 'Rodriguez', 'Martin', 'dlambolou@jiathis.com', 2147483647, 'Norte', NULL, 0, 0, '2023-10-11'),
(51181683, 'Perez', 'Claudio', 'ustaffordk7@constantcontact.com', 2147483647, 'Sur', NULL, 0, 0, '2023-08-07'),
(51196795, 'Gomez', 'Julia', 'jgenningslq@icio.us', 2147483647, 'Oeste', NULL, NULL, NULL, '2023-10-28'),
(51222448, 'Chazarreta', 'Julia', 'dshewanqm@comsenz.com', 2147483647, 'Oeste', 'Hipertencion', 1, 0, '2023-07-16'),
(51461141, 'Chazarreta', 'Andrea', 'mdalemankw@lycos.com', 2147483647, 'Este', 'Asma', NULL, NULL, '2023-10-17'),
(51468087, 'Lopez', 'Eliana', 'crealy49@fc2.com', 2147483647, 'Norte', 'Obesidad', 1, 0, '2023-07-19'),
(51468629, 'Ramirez', 'Roxana', 'jtorrentqo@apache.org', 2147483647, 'Norte', NULL, 0, 1, '2023-08-25'),
(51486459, 'Ramirez', 'Fernando', 'ljina7b@gov.uk', 2147483647, 'Norte', NULL, NULL, NULL, '2023-08-02'),
(51507489, 'Gonzalez', 'Yanina', 'xbezzantgg@merriam-webster.com', 2147483647, 'Oeste', NULL, 1, NULL, '2023-11-10'),
(51514995, 'Lopez', 'Martin', 'tsimonot1m@addtoany.com', 2147483647, 'Norte', NULL, 1, 0, '2023-07-17'),
(51549045, 'Ramirez', 'Jose', 'gpennercy@is.gd', 2147483647, 'Norte', 'Diabetes', 0, NULL, '2023-07-22'),
(51555281, 'Rodriguez', 'Roxana', 'rcathro2@jalbum.net', 2147483647, 'Sur', NULL, 0, 1, '2023-09-05'),
(51558601, 'Ramirez', 'Julia', 'seamerol@dropbox.com', 2147483647, 'Norte', 'Asma', 0, 1, '2023-10-04'),
(51566336, 'Rodriguez', 'Julia', 'dwiddisonlg@adobe.com', 2147483647, 'Sur', 'Asma', NULL, 1, '2023-10-31'),
(51628246, 'Perez', 'Fernando', 'ftuckerkj@gmpg.org', 2147483647, 'Oeste', 'Asma', 0, NULL, '2023-11-24'),
(51708914, 'Chazarreta', 'Jose', 'taherneqy@admin.ch', 1398950106, 'Norte', 'Hipertencion', 0, 0, '2023-10-16'),
(51718321, 'Gutierrez', 'Claudio', 'rdodimeadpb@disqus.com', 2147483647, 'Norte', 'Obesidad', NULL, 1, '2023-10-04'),
(51809114, 'Gomez', 'Roxana', 'mhyattl1@simplemachines.org', 2147483647, 'Sur', 'Diabetes', NULL, 1, '2023-08-29'),
(51814085, 'Lopez', 'Martin', 'fcleugh2a@dedecms.com', 2147483647, 'Sur', 'Diabetes', 0, 0, '2023-08-15'),
(51877409, 'Chazarreta', 'Roxana', 'nmcphelimv@1688.com', 2147483647, 'Norte', NULL, 0, 0, '2023-11-08'),
(51887468, 'Gomez', 'Martin', 'edagostino5r@fc2.com', 2147483647, 'Norte', NULL, NULL, NULL, '2023-07-22'),
(51972980, 'Gomez', 'Roxana', 'cpigdon8g@macromedia.com', 2147483647, 'Este', 'Asma', 1, NULL, '2023-08-15'),
(52031010, 'Gomez', 'Fernando', 'pgullefordnr@si.edu', 2147483647, 'Este', 'Asma', NULL, NULL, '2023-07-15'),
(52036345, 'Martinez', 'Fernando', 'gsaintsbury76@wunderground.com', 2147483647, 'Oeste', NULL, NULL, NULL, '2023-09-23'),
(52132994, 'Martinez', 'Carlos', 'pwoolmorebr@apple.com', 2147483647, 'Este', 'Hipertencion', NULL, 0, '2023-07-05'),
(52254610, 'Gonzalez', 'Julia', 'adougliss5s@wiley.com', 2147483647, 'Oeste', 'Diabetes', 0, NULL, '2023-11-22'),
(52270743, 'Perez', 'Eliana', 'lbrettelle4j@biglobe.ne.jp', 1456800639, 'Oeste', NULL, 0, 0, '2023-07-15'),
(52270962, 'Martinez', 'Martin', 'tsprigingsc5@twitter.com', 1468512428, 'Este', NULL, 1, NULL, '2023-11-24'),
(52297490, 'Gonzalez', 'Claudio', 'jtabardot@angelfire.com', 2147483647, 'Oeste', NULL, 0, 0, '2023-10-20'),
(52377128, 'Chazarreta', 'Eliana', 'tblazey9l@spiegel.de', 1819207870, 'Norte', 'Asma', NULL, NULL, '2023-07-01'),
(52380479, 'Ramirez', 'Yanina', 'ecotteri2@cbslocal.com', 2147483647, 'Norte', NULL, 1, 0, '2023-08-12'),
(52407251, 'Chazarreta', 'Carlos', 'tslatefordg7@kickstarter.com', 2147483647, 'Norte', 'Hipertencion', 1, 1, '2023-09-14'),
(52427493, 'Rodriguez', 'Yanina', 'hwholesworth5k@cargocollective.com', 2147483647, 'Este', NULL, NULL, 1, '2023-09-08'),
(52448717, 'Ramirez', 'Eliana', 'bdallowpn@bloomberg.com', 2147483647, 'Este', NULL, 0, NULL, '2023-09-09'),
(52458079, 'Perez', 'Julia', 'bboullerbe@is.gd', 1385208112, 'Sur', NULL, 0, NULL, '2023-09-15'),
(52470561, 'Gutierrez', 'Julia', 'mpigeonem@blogspot.com', 2147483647, 'Sur', NULL, NULL, NULL, '2023-11-10'),
(52533145, 'Gomez', 'Julia', 'kstoecklefa@xinhuanet.com', 2147483647, 'Este', NULL, NULL, 1, '2023-07-16'),
(52560901, 'Lopez', 'Jose', 'kdurbannd1@netlog.com', 2147483647, 'Este', NULL, 0, NULL, '2023-07-17'),
(52718389, 'Ramirez', 'Andrea', 'cjesper8h@goo.ne.jp', 2147483647, 'Norte', 'Obesidad', 1, 0, '2023-08-26'),
(52745180, 'Martinez', 'Andrea', 'nsilmong9@multiply.com', 2147483647, 'Este', 'Obesidad', 0, 1, '2023-09-16'),
(52850076, 'Ramirez', 'Julia', 'ppowrieqh@geocities.jp', 2147483647, 'Oeste', NULL, 1, NULL, '2023-11-25'),
(52852703, 'Rodriguez', 'Roxana', 'mgullis6a@altervista.org', 2147483647, 'Este', 'Hipertencion', NULL, 0, '2023-08-31'),
(52945518, 'Martinez', 'Yanina', 'wleming5e@macromedia.com', 1713047649, 'Oeste', 'Obesidad', NULL, 0, '2023-11-17'),
(52979390, 'Rodriguez', 'Julia', 'lawmackbg@gravatar.com', 2147483647, 'Sur', 'Asma', 0, 0, '2023-07-29'),
(52996686, 'Gonzalez', 'Carlos', 'kknappen41@geocities.com', 2147483647, 'Sur', NULL, 0, 1, '2023-09-14'),
(53043457, 'Gonzalez', 'Andrea', 'lwilseyj@globo.com', 2147483647, 'Norte', NULL, NULL, NULL, '2023-09-15'),
(53091146, 'Lopez', 'Fernando', 'ksipsone3@phoca.cz', 2147483647, 'Norte', NULL, NULL, 1, '2023-07-10'),
(53110341, 'Lopez', 'Martin', 'fspinozzin0@forbes.com', 2147483647, 'Este', NULL, NULL, NULL, '2023-09-18'),
(53167483, 'Gutierrez', 'Eliana', 'fsymsoj@ning.com', 2147483647, 'Norte', NULL, 1, NULL, '2023-10-06'),
(53195210, 'Rodriguez', 'Eliana', 'xemmert5z@indiegogo.com', 2147483647, 'Oeste', NULL, 0, NULL, '2023-10-19'),
(53443289, 'Fernandez', 'Yanina', 'sblunsuml0@samsung.com', 2147483647, 'Este', NULL, 0, NULL, '2023-10-20'),
(53458790, 'Chazarreta', 'Eliana', 'vcrocumbemp@miitbeian.gov.cn', 2147483647, 'Este', 'Diabetes', 0, 0, '2023-10-31'),
(53463920, 'Lopez', 'Carlos', 'jrous3@flavors.me', 2147483647, 'Oeste', NULL, NULL, NULL, '2023-10-31'),
(53484506, 'Chazarreta', 'Fernando', 'dscrowby80@ebay.com', 1454512944, 'Sur', 'Hipertencion', 1, 0, '2023-08-08'),
(53502401, 'Perez', 'Eliana', 'kcockle8p@dailymotion.com', 2147483647, 'Oeste', NULL, 1, 0, '2023-07-27'),
(53518219, 'Gomez', 'Andrea', 'lfrancello66@freewebs.com', 2147483647, 'Norte', NULL, NULL, 0, '2023-11-20'),
(53525791, 'Martinez', 'Fernando', 'scharville5v@fotki.com', 2147483647, 'Oeste', 'Diabetes', 0, 0, '2023-08-06'),
(53537402, 'Rodriguez', 'Roxana', 'jbucklano6@sogou.com', 2147483647, 'Norte', 'Obesidad', 0, NULL, '2023-07-01'),
(53628755, 'Perez', 'Yanina', 'jperinga5@mlb.com', 2147483647, 'Norte', 'Asma', 1, NULL, '2023-09-28'),
(53666015, 'Ramirez', 'Roxana', 'cprobackha@livejournal.com', 2147483647, 'Oeste', 'Hipertencion', 0, 1, '2023-10-08'),
(53717387, 'Gonzalez', 'Claudio', 'dmccumeskyih@canalblog.com', 2147483647, 'Oeste', NULL, NULL, NULL, '2023-10-14'),
(53822067, 'Martinez', 'Jose', 'kperaccoq4@ocn.ne.jp', 1055704643, 'Norte', NULL, 0, 1, '2023-09-17'),
(53896478, 'Gutierrez', 'Fernando', 'icasarili1@earthlink.net', 2147483647, 'Este', NULL, 1, NULL, '2023-08-02'),
(54058732, 'Martinez', 'Jose', 'ofeehely3w@usgs.gov', 2147483647, 'Oeste', NULL, NULL, NULL, '2023-10-21'),
(54090010, 'Gomez', 'Fernando', 'jkorlatla@shutterfly.com', 2147483647, 'Sur', 'Asma', 1, NULL, '2023-08-04'),
(54094102, 'Ramirez', 'Fernando', 'ejeaffreson5u@bing.com', 1017646786, 'Oeste', 'Diabetes', 0, 0, '2023-07-10'),
(54201686, 'Chazarreta', 'Roxana', 'kgudemanhz@yellowbook.com', 2147483647, 'Norte', NULL, NULL, 1, '2023-07-22'),
(54205902, 'Chazarreta', 'Andrea', 'pbilt5j@cbc.ca', 2147483647, 'Norte', NULL, NULL, 1, '2023-07-26'),
(54251249, 'Lopez', 'Carlos', 'lemelinehu@seesaa.net', 2147483647, 'Oeste', NULL, NULL, 1, '2023-08-24'),
(54296746, 'Gonzalez', 'Martin', 'raubrihi@wsj.com', 2147483647, 'Este', NULL, 0, 1, '2023-09-22'),
(54297925, 'Rodriguez', 'Jose', 'phickforddk@free.fr', 2147483647, 'Sur', NULL, NULL, 0, '2023-08-10'),
(54377488, 'Perez', 'Yanina', 'rescalera2m@360.cn', 2147483647, 'Oeste', NULL, NULL, 0, '2023-10-27'),
(54483663, 'Lopez', 'Fernando', 'nqueyeiros@oakley.com', 2147483647, 'Norte', 'Diabetes', 0, NULL, '2023-10-29'),
(54627164, 'Fernandez', 'Yanina', 'lbretonb3@goo.gl', 2147483647, 'Este', NULL, NULL, NULL, '2023-07-13'),
(54637470, 'Lopez', 'Martin', 'dkershownn@desdev.cn', 2147483647, 'Oeste', 'Hipertencion', 1, 0, '2023-08-07'),
(54647921, 'Gomez', 'Martin', 'gcantillon88@netscape.com', 2147483647, 'Este', NULL, 0, NULL, '2023-08-10'),
(54741328, 'Gutierrez', 'Julia', 'adarey9q@cloudflare.com', 2144610468, 'Norte', NULL, 1, NULL, '2023-10-09'),
(54857599, 'Gonzalez', 'Fernando', 'vclarkewilliamsbj@wufoo.com', 2147483647, 'Oeste', NULL, NULL, NULL, '2023-09-11'),
(54865531, 'Gutierrez', 'Andrea', 'gbanisch82@smugmug.com', 2147483647, 'Sur', NULL, 0, NULL, '2023-10-29'),
(54962478, 'Chazarreta', 'Martin', 'nlabatcn@blinklist.com', 1446955041, 'Sur', NULL, NULL, 1, '2023-11-14'),
(54998055, 'Chazarreta', 'Claudio', 'lcanniffe9m@cargocollective.com', 2147483647, 'Sur', 'Hipertencion', NULL, NULL, '2023-07-08'),
(55555555, 'Martínez', 'Luis', 'luis@gmail.com', 2147483647, '', NULL, 0, NULL, '2023-01-01'),
(55555556, 'Román', 'Nicolás', 'nicolas@gmail.com', 2147483647, '', 'Alergias', 0, NULL, '2023-01-01'),
(55555557, 'Morales', 'Julián', 'julian@gmail.com', 2147483647, '', 'Asma', 0, NULL, '2023-01-01'),
(56565656, 'Rojas', 'Valentina', 'valentina@gmail.com', 2147483647, '', 'Diabetes', 0, NULL, '2023-01-01'),
(56565657, 'Fernández', 'Camila', 'camila@gmail.com', 2147483647, '', 'Alergias', 0, NULL, '2023-01-01'),
(60606060, 'Vargas', 'Renata', 'renata@gmail.com', 2147483647, '', 'Alergias', 0, NULL, '2023-01-01'),
(60606061, 'Arias', 'Federico', 'federico@gmail.com', 2147483647, '', 'Hipertensión', 0, NULL, '2023-01-01'),
(66666666, 'Sánchez', 'Sofía', 'sofia@gmail.com', 2147483647, '', 'Asma', 0, NULL, '2023-01-01'),
(66666667, 'Villalba', 'Joaquín', 'joaquin@gmail.com', 2147483647, '', 'Diabetes', 0, NULL, '2023-01-01'),
(66666668, 'Soto', 'Sofía', 'sofia@gmail.com', 2147483647, '', 'Diabetes', 0, NULL, '2023-01-01'),
(67676767, 'Ortega', 'Eduardo', 'eduardo@gmail.com', 2147483647, '', NULL, 0, NULL, '2023-01-01'),
(67676779, 'Fernández', 'Daniela', 'daniela@gmail.com', 2147483647, '', 'Hipertensión', 0, NULL, '2023-01-01'),
(70707070, 'Santos', 'Tomás', 'tomas@gmail.com', 2147483647, '', NULL, 0, NULL, '2023-01-01'),
(70707071, 'Leguizamón', 'Candela', 'candela@gmail.com', 2147483647, '', 'Alergias', 0, NULL, '2023-01-01'),
(77777777, 'Romero', 'Pedro', 'pedro@gmail.com', 2147483647, '', 'Diabetes', 0, NULL, '2023-01-01'),
(77777778, 'Aguilar', 'Valentín', 'valentin@gmail.com', 2147483647, '', NULL, 0, NULL, '2023-01-01'),
(77777779, 'Rosales', 'Alejandro', 'alejandro@gmail.com', 2147483647, '', NULL, 0, NULL, '2023-01-01'),
(78787878, 'Núñez', 'Cecilia', 'cecilia@gmail.com', 2147483647, '', 'Hipertensión', 0, NULL, '2023-01-01'),
(78787880, 'Moreno', 'Santiago', 'santiago@gmail.com', 2147483647, '', NULL, 0, NULL, '2023-01-01'),
(80808080, 'Giménez', 'Olivia', 'olivia@gmail.com', 2147483647, '', 'Diabetes', 0, NULL, '2023-01-01'),
(80808081, 'Mendoza', 'Matilda', 'matilda@gmail.com', 2147483647, '', 'Diabetes', 0, NULL, '2023-01-01'),
(88888880, 'Paredes', 'Luciana', 'luciana@gmail.com', 2147483647, '', 'Alergias', 0, NULL, '2023-01-01'),
(88888888, 'Torres', 'Laura', 'laura@gmail.com', 2147483647, '', NULL, 0, NULL, '2023-01-01'),
(88888889, 'Correa', 'Agustina', 'agustina@gmail.com', 2147483647, '', 'Hipertensión', 0, NULL, '2023-01-01'),
(89898989, 'Reyes', 'Diego', 'diego@gmail.com', 2147483647, '', NULL, 0, NULL, '2023-01-01'),
(89898991, 'Ríos', 'Bianca', 'bianca@gmail.com', 2147483647, '', 'Alergias', 0, NULL, '2023-01-01'),
(90909090, 'Jiménez', 'Camila', 'camila@gmail.com', 2147483647, '', 'Alergias', 0, NULL, '2023-01-01'),
(90909091, 'Lima', 'Matías', 'matias@gmail.com', 2147483647, '', 'Alergias', 0, NULL, '2023-01-01'),
(90909092, 'Morales', 'Gonzalo', 'gonzalo@gmail.com', 2147483647, '', 'Hipertensión', 0, NULL, '2023-01-01'),
(90909093, 'Castillo', 'Simón', 'simon@gmail.com', 2147483647, '', 'Alergias', 0, NULL, '2023-01-01'),
(99999990, 'Cáceres', 'Juan Pablo', 'juanpablo@gmail.com', 2147483647, '', NULL, 0, NULL, '2023-01-01'),
(99999991, 'Ferreira', 'Matías', 'matias@gmail.com', 2147483647, '', 'Hipertensión', 0, NULL, '2023-01-01'),
(99999999, 'Díaz', 'Roberto', 'roberto@gmail.com', 2147483647, '', NULL, 0, NULL, '2023-01-01');

-- --------------------------------------------------------

--
-- Estructura de tabla para la tabla `laboratorio`
--

CREATE TABLE `laboratorio` (
  `cuit` bigint(20) NOT NULL,
  `nombreLaboratorio` varchar(25) NOT NULL,
  `pais` varchar(30) NOT NULL,
  `domComercial` varchar(50) NOT NULL
) ENGINE=InnoDB DEFAULT CHARSET=utf8mb4 COLLATE=utf8mb4_general_ci;

--
-- Volcado de datos para la tabla `laboratorio`
--

INSERT INTO `laboratorio` (`cuit`, `nombreLaboratorio`, `pais`, `domComercial`) VALUES
(30500772324, 'Astra Zéneca S.A.', 'Inglaterra', 'Calle Puerto De Somport 21 23. 28050, Madrid'),
(30501152826, 'Laboratorios Richmond S.A', 'Rusia', 'Av. Elcano 4938'),
(30503518518, 'PFIZER S.R.L', 'Estados Unidos', 'Calle Carlos Berg 3669'),
(30598129246, 'Janssen Cilag Farmacéutic', 'Estados Unidos', 'Mendoza 1259');

-- --------------------------------------------------------

--
-- Estructura de tabla para la tabla `login`
--

CREATE TABLE `login` (
  `id` int(11) NOT NULL,
  `dni` int(11) NOT NULL,
  `pass` varchar(20) NOT NULL
) ENGINE=InnoDB DEFAULT CHARSET=utf8mb4 COLLATE=utf8mb4_general_ci;

-- --------------------------------------------------------

--
-- Estructura de tabla para la tabla `vacuna`
--

CREATE TABLE `vacuna` (
  `lote` int(50) NOT NULL,
  `cuit` bigint(20) NOT NULL,
  `marca` varchar(30) NOT NULL,
  `medida` double NOT NULL,
  `fechaCaduca` date NOT NULL,
  `stock` int(11) NOT NULL,
  `colocada` tinyint(1) NOT NULL
) ENGINE=InnoDB DEFAULT CHARSET=utf8mb4 COLLATE=utf8mb4_general_ci;

--
-- Volcado de datos para la tabla `vacuna`
--

INSERT INTO `vacuna` (`lote`, `cuit`, `marca`, `medida`, `fechaCaduca`, `stock`, `colocada`) VALUES
(1, 30500772324, 'Comirnaty', 3, '2023-12-31', 1000, 0),
(2, 30501152826, 'Spikevax', 3, '2023-12-31', 800, 0),
(3, 30503518518, 'Vaxzevria', 3, '2023-12-31', 1200, 0),
(4, 30598129246, 'Janssen COVID-19 Vaccine', 3, '2023-12-31', 600, 0),
(5, 30500772324, 'Comirnaty', 5, '2023-12-31', 1000, 0),
(6, 30501152826, 'Spikevax', 5, '2023-12-31', 800, 0),
(7, 30503518518, 'Vaxzevria', 5, '2023-12-31', 1200, 0),
(8, 30598129246, 'Janssen COVID-19 Vaccine', 5, '2023-12-31', 600, 0),
(9, 30500772324, 'Comirnaty', 9, '2023-12-31', 1000, 0),
(10, 30501152826, 'Spikevax', 9, '2023-12-31', 800, 0),
(11, 30503518518, 'Vaxzevria', 9, '2023-12-31', 1200, 0),
(12, 30598129246, 'Janssen COVID-19 Vaccine', 9, '2023-12-31', 600, 0);

--
-- Índices para tablas volcadas
--

--
-- Indices de la tabla `centro`
--
ALTER TABLE `centro`
  ADD PRIMARY KEY (`id_centro`);

--
-- Indices de la tabla `citavacunacion`
--
ALTER TABLE `citavacunacion`
  ADD PRIMARY KEY (`codCita`),
  ADD KEY `dni` (`dni`),
  ADD KEY `id_centro` (`id_centro`),
  ADD KEY `citavacunacion_ibfk_2` (`lote`);

--
-- Indices de la tabla `ciudadano`
--
ALTER TABLE `ciudadano`
  ADD PRIMARY KEY (`dni`);

--
-- Indices de la tabla `laboratorio`
--
ALTER TABLE `laboratorio`
  ADD PRIMARY KEY (`cuit`);

--
-- Indices de la tabla `login`
--
ALTER TABLE `login`
  ADD PRIMARY KEY (`id`),
  ADD KEY `dni` (`dni`);

--
-- Indices de la tabla `vacuna`
--
ALTER TABLE `vacuna`
  ADD PRIMARY KEY (`lote`),
  ADD KEY `cuit` (`cuit`);

--
-- AUTO_INCREMENT de las tablas volcadas
--

--
-- AUTO_INCREMENT de la tabla `centro`
--
ALTER TABLE `centro`
  MODIFY `id_centro` int(11) NOT NULL AUTO_INCREMENT, AUTO_INCREMENT=33;

--
-- AUTO_INCREMENT de la tabla `citavacunacion`
--
ALTER TABLE `citavacunacion`
  MODIFY `codCita` int(11) NOT NULL AUTO_INCREMENT;

--
-- AUTO_INCREMENT de la tabla `login`
--
ALTER TABLE `login`
  MODIFY `id` int(11) NOT NULL AUTO_INCREMENT;

--
-- Restricciones para tablas volcadas
--

--
-- Filtros para la tabla `citavacunacion`
--
ALTER TABLE `citavacunacion`
  ADD CONSTRAINT `citavacunacion_ibfk_1` FOREIGN KEY (`dni`) REFERENCES `ciudadano` (`dni`),
  ADD CONSTRAINT `citavacunacion_ibfk_2` FOREIGN KEY (`lote`) REFERENCES `vacuna` (`lote`),
  ADD CONSTRAINT `citavacunacion_ibfk_3` FOREIGN KEY (`id_centro`) REFERENCES `centro` (`id_centro`);

--
-- Filtros para la tabla `login`
--
ALTER TABLE `login`
  ADD CONSTRAINT `login_ibfk_1` FOREIGN KEY (`dni`) REFERENCES `ciudadano` (`dni`);

--
-- Filtros para la tabla `vacuna`
--
ALTER TABLE `vacuna`
  ADD CONSTRAINT `vacuna_ibfk_1` FOREIGN KEY (`cuit`) REFERENCES `laboratorio` (`cuit`);
COMMIT;

/*!40101 SET CHARACTER_SET_CLIENT=@OLD_CHARACTER_SET_CLIENT */;
/*!40101 SET CHARACTER_SET_RESULTS=@OLD_CHARACTER_SET_RESULTS */;
/*!40101 SET COLLATION_CONNECTION=@OLD_COLLATION_CONNECTION */;
